File,Function,LOC,SLOC-P,SLOC-L,MVG,BLOC,C&SLOC,CLOC,CWORD
C:\development\linkage\AboutDialog.cpp,CAboutDialog::CAboutDialog(CWnd* pParent ),2,2,2,0,0,0,0,0,
C:\development\linkage\AboutDialog.cpp,CAboutDialog::~CAboutDialog(),1,1,1,0,0,0,0,0,
C:\development\linkage\AboutDialog.cpp,GetVersionInfo( void ),39,28,22,8,11,0,0,0,
C:\development\linkage\AboutDialog.cpp,CAboutDialog::DoDataExchange(CDataExchange* pDX),10,8,8,0,2,0,0,0,
C:\development\linkage\AngleDialog.cpp,CAngleDialog::CAngleDialog(CWnd* pParent ),2,1,1,0,1,0,0,0,
C:\development\linkage\AngleDialog.cpp,CAngleDialog::~CAngleDialog(),1,1,1,0,0,0,0,0,
C:\development\linkage\AngleDialog.cpp,CAngleDialog::DoDataExchange(CDataExchange* pDX),12,11,8,1,1,0,0,0,
C:\development\linkage\AnimatedGifFile.cpp,CAnimatedGifFile::CAnimatedGifFile(void),1,1,1,0,0,0,0,0,
C:\development\linkage\AnimatedGifFile.cpp,CAnimatedGifFile::~CAnimatedGifFile(void),1,1,1,0,0,0,0,0,
C:\development\linkage\AviFile.cpp,"CAviFile:: CAviFile(LPCSTR lpszFileName , DWORD dwCodec , DWORD dwFrameRate )",32,24,24,0,8,3,0,27,
C:\development\linkage\AviFile.cpp,CAviFile::~CAviFile(void),4,3,3,0,1,0,0,0,
C:\development\linkage\AviFile.cpp,"CAviFile::GetCompressorList( CStringList &List, BITMAPINFO &SourceBitmapInfo )",38,28,19,6,6,2,4,34,
C:\development\linkage\AviFile.cpp,CAviFile::ReleaseMemory(),33,32,20,6,1,1,0,3,
C:\development\linkage\AviFile.cpp,CAviFile::SetErrorMessage(LPCTSTR lpszErrorMessage),2,2,2,0,0,0,0,0,
C:\development\linkage\AviFile.cpp,"CAviFile::InitMovieCreation(int nFrameWidth, int nFrameHeight, int nBitsPerPixel)",103,76,62,17,14,3,13,147,
C:\development\linkage\AviFile.cpp,"CAviFile::AppendFrameFirstTime(HBITMAP hBitmap, int Count)",17,12,8,3,5,1,0,5,
C:\development\linkage\AviFile.cpp,"CAviFile::AppendFrameFirstTime( CDIBSection *pDIBSection, int Count )",17,12,8,3,5,1,0,5,
C:\development\linkage\AviFile.cpp,"CAviFile::AppendFrameUsual(HBITMAP hBitmap, int Count)",26,19,15,4,7,0,0,0,
C:\development\linkage\AviFile.cpp,"CAviFile::AppendFrameUsual( CDIBSection *pDIBSection, int Count )",16,13,9,4,3,0,0,0,
C:\development\linkage\AviFile.cpp,"CAviFile::AppendDummy(HBITMAP, int)",2,2,2,1,0,0,0,0,
C:\development\linkage\AviFile.cpp,"CAviFile::AppendDummy( CDIBSection *, int )",2,2,2,1,0,0,0,0,
C:\development\linkage\AviFile.cpp,"CAviFile::AppendNewFrame(HBITMAP hBitmap, int Count)",2,2,2,1,0,0,0,0,
C:\development\linkage\AviFile.cpp,"CAviFile::AppendNewFrame( CDIBSection *pDIBSection, int Count )",2,2,2,1,0,0,0,0,
C:\development\linkage\AviFile.cpp,"CAviFile::AppendNewFrame(int nWidth, int nHeight, LPVOID pBits,int nBitsPerPixel, int Count)",2,2,2,1,0,0,0,0,
C:\development\linkage\AviFile.cpp,"CAviFile::AppendFrameFirstTime(int nWidth, int nHeight, LPVOID pBits,int nBitsPerPixel,int Count)",11,8,6,3,3,1,0,5,
C:\development\linkage\AviFile.cpp,"CAviFile::AppendFrameUsual(int nWidth, int nHeight, LPVOID pBits,int nBitsPerPixel,int Count)",18,14,10,4,4,0,0,0,
C:\development\linkage\AviFile.cpp,"CAviFile::AppendDummy(int nWidth, int nHeight, LPVOID pBits,int nBitsPerPixel,int Count)",2,2,2,1,0,0,0,0,
C:\development\linkage\Cam.cpp,CCam::CCam( void ),4,4,4,0,0,0,0,0,
C:\development\linkage\Cam.cpp,CCam::CreateCamObject( const char *pTypeName ),6,5,4,3,1,0,0,0,
C:\development\linkage\Cam.cpp,CCam::GetDrawingPath( int &Count ),5,5,4,2,0,0,0,0,
C:\development\linkage\Cam.cpp,CCam::~CCam( void ),3,3,2,1,0,0,0,0,
C:\development\linkage\Cam.cpp,CSingleNoseCam::CSingleNoseCam( void ),6,6,6,0,0,0,0,0,
C:\development\linkage\Cam.cpp,"CSingleNoseCam::GetDefinitionValue( int Index, double &Value )",10,10,8,1,0,0,0,0,
C:\development\linkage\Cam.cpp,"CSingleNoseCam::SetDefinitionValue( int Index, double Value )",10,10,8,1,0,0,0,0,
C:\development\linkage\Cam.cpp,CSingleNoseCam::ComputeDrawingPath( void ),3,3,3,0,0,0,0,0,
C:\development\linkage\Cam.cpp,CBezierCam::CBezierCam( void ),3,3,3,0,0,0,0,0,
C:\development\linkage\Cam.cpp,"CBezierCam::GetDefinitionValue( int Index, double &Value )",12,9,6,4,2,0,1,13,
C:\development\linkage\Cam.cpp,"CBezierCam::SetDefinitionValue( int Index, double Value )",34,23,16,7,8,0,3,38,
C:\development\linkage\Cam.cpp,CBezierCam::ComputeDrawingPath( void ),3,3,3,0,0,0,0,0,
C:\development\linkage\ColorCursor.cpp,CColorCursor::CColorCursor(),2,1,1,0,1,0,0,0,
C:\development\linkage\ColorCursor.cpp,CColorCursor::~CColorCursor(),2,1,1,0,1,0,0,0,
C:\development\linkage\ColorCursor.cpp,"CColorCursor::CreateCursorFromBitmap(HBITMAP hSourceBitmap, COLORREF clrTransparent, DWORD xHotspot,DWORD yHotspot)",33,25,20,6,6,0,2,20,
C:\development\linkage\ColorCursor.cpp,"CColorCursor::GetMaskBitmaps(HBITMAP hSourceBitmap, COLORREF clrTransparent, HBITMAP &hAndMaskBitmap, HBITMAP &hXorMaskBitmap)",48,37,29,3,8,0,3,23,
C:\development\linkage\connector.cpp,GetAlphaIdentifier( int ID ),7,6,5,3,1,0,0,0,
C:\development\linkage\connector.cpp,CConnector::Reset( void ),26,26,26,0,0,0,0,0,
C:\development\linkage\connector.cpp,CConnector::CConnector(),2,2,2,0,0,0,0,0,
C:\development\linkage\connector.cpp,CConnector::GetIdentifierString( bool bDebugging ),12,11,7,5,1,0,0,0,
C:\development\linkage\connector.cpp,CConnector::Select( bool bSelected ),2,2,2,0,0,0,0,0,
C:\development\linkage\connector.cpp,CConnector::IsLinkSelected( void ),11,11,7,5,0,0,0,0,
C:\development\linkage\connector.cpp,"CConnector::PointOnConnector( CFPoint Point, double TestDistance )",4,3,3,1,1,0,0,0,
C:\development\linkage\connector.cpp,CConnector::AddLink( class CLink* pLink ),3,3,2,1,0,0,0,0,
C:\development\linkage\connector.cpp,CConnector::GetLink( int Index ),9,9,6,4,0,0,0,0,
C:\development\linkage\connector.cpp,CConnector::GetSelectedLinkCount( void ),11,11,8,3,0,0,0,0,
C:\development\linkage\connector.cpp,"CConnector::RotateAround( CFPoint& Point, double Angle )",19,3,3,0,2,0,14,62,
C:\development\linkage\connector.cpp,CConnector::IncrementRotationAngle( double Change ),8,4,4,0,0,0,4,17,
C:\development\linkage\connector.cpp,CConnector::GetArea( CFRect &Rect ),6,6,6,0,0,0,0,0,
C:\development\linkage\connector.cpp,CConnector::GetAdjustArea( CFRect &Rect ),6,6,6,0,0,0,0,0,
C:\development\linkage\connector.cpp,CConnector::RemoveLink( CLink *pLink ),12,12,8,2,0,0,0,0,
C:\development\linkage\connector.cpp,"CConnector::GetMotionPath( int &StartPoint, int &PointCount, int &MaxPoint )",8,7,6,3,1,0,0,0,
C:\development\linkage\connector.cpp,CConnector::AddMotionPoint( void ),29,25,16,6,4,0,0,0,
C:\development\linkage\connector.cpp,CConnector::Reset( bool bClearMotionPath ),12,12,10,1,0,0,0,0,
C:\development\linkage\connector.cpp,CConnector::MakePermanent( void ),6,6,6,0,0,0,0,0,
C:\development\linkage\connector.cpp,CConnector::CConnector( const CConnector &ExistingConnector ),29,17,17,0,2,0,10,32,
C:\development\linkage\connector.cpp,"CConnector::SlideBetween( class CConnector *pConnector1, class CConnector *pConnector2 )",22,17,11,4,4,0,1,7,
C:\development\linkage\connector.cpp,ConnectorList::Iterate( ConnectorListOperation &Operation ),13,13,9,5,0,0,0,0,
C:\development\linkage\connector.cpp,CConnector::GetSharingLink( CConnector *pOtherConnector ),12,11,7,5,1,0,0,0,
C:\development\linkage\connector.cpp,CConnector::IsSharingLink( CConnector *pOtherConnector ),5,4,3,3,1,0,0,0,
C:\development\linkage\connector.cpp,CConnector::HasLink( CLink *pLink ),10,10,7,4,0,0,0,0,
C:\development\linkage\connector.cpp,CConnector::IsAlone( void ),12,11,7,6,1,0,0,0,
C:\development\linkage\connector.cpp,ConnectorList::Remove( class CConnector *pConnector ),13,13,9,4,0,0,0,0,
C:\development\linkage\connector.cpp,ConnectorList::Find( class CConnector *pConnector ),10,10,7,4,0,0,0,0,
C:\development\linkage\connector.cpp,"CConnector::GetSlideLimits( CFPoint &Point1, CFPoint &Point2 )",6,6,4,3,0,0,0,0,
C:\development\linkage\connector.cpp,CConnector::GetTempPoint( void ),2,2,2,1,0,0,0,0,
C:\development\linkage\connector.cpp,"CConnector::GetSliderArc( CFArc &TheArc,bool bGetOriginal )",27,21,17,6,6,0,0,0,
C:\development\linkage\connector.cpp,CConnector::GetSlideRadius( void ),11,9,7,5,2,0,0,0,
C:\development\linkage\connector.cpp,CConnector::GetOriginalSlideRadius( void ),11,9,7,5,2,0,0,0,
C:\development\linkage\ConnectorPropertiesDialog.cpp,CConnectorPropertiesDialog::CConnectorPropertiesDialog( CWnd* pParent ),5,5,5,0,0,0,0,0,
C:\development\linkage\ConnectorPropertiesDialog.cpp,CConnectorPropertiesDialog::~CConnectorPropertiesDialog(),1,1,1,0,0,0,0,0,
C:\development\linkage\ConnectorPropertiesDialog.cpp,CConnectorPropertiesDialog::DoDataExchange(CDataExchange* pDX),76,68,56,5,8,0,0,0,
C:\development\linkage\ConnectorPropertiesDialog.cpp,CConnectorPropertiesDialog::OnBnClickedRadio(),4,4,4,0,0,0,0,0,
C:\development\linkage\ConnectorPropertiesDialog.cpp,CConnectorPropertiesDialog::OnInitDialog(),4,3,3,1,1,0,0,0,
C:\development\linkage\ConnectorPropertiesDialog.cpp,CConnectorPropertiesDialog::OnBnClickedCheck4(),2,2,2,0,0,0,0,0,
C:\development\linkage\ConnectorPropertiesDialog.cpp,CConnectorPropertiesDialog::OnStnClickedColor(),7,7,5,1,0,0,0,0,
C:\development\linkage\ControlWindow.cpp,CControlWindow::CControlWindow(),2,2,2,0,0,0,0,0,
C:\development\linkage\ControlWindow.cpp,CControlWindow::~CControlWindow(),4,4,3,1,0,0,0,0,
C:\development\linkage\ControlWindow.cpp,"CControlWindow::OnLButtonDown(UINT nFlags, CPoint point)",23,21,12,5,2,0,0,0,
C:\development\linkage\ControlWindow.cpp,"CControlWindow::OnLButtonUp(UINT nFlags, CPoint point)",5,5,4,1,0,0,0,0,
C:\development\linkage\ControlWindow.cpp,"CControlWindow::OnMouseMove(UINT nFlags, CPoint point)",30,23,17,5,7,0,0,0,
C:\development\linkage\ControlWindow.cpp,CControlWindow::OnPaint(),56,45,42,2,11,0,0,0,
C:\development\linkage\ControlWindow.cpp,CControlWindow::GetControlCount( void ),4,4,3,3,0,0,0,0,
C:\development\linkage\ControlWindow.cpp,CControlWindow::GetControlId( int Index ),5,4,3,3,1,0,0,0,
C:\development\linkage\ControlWindow.cpp,CControlWindow::GetControlPosition( int Index ),5,4,3,3,1,0,0,0,
C:\development\linkage\ControlWindow.cpp,"CControlWindow::OnSize(UINT nType, int cx, int cy)",7,5,4,1,2,0,0,0,
C:\development\linkage\ControlWindow.cpp,CControlWindow::GetDesiredHeight( void ),5,4,3,3,1,0,0,0,
C:\development\linkage\ControlWindow.cpp,CControlWindow::GetPosition( int ControlID ),11,9,5,6,2,0,0,0,
C:\development\linkage\ControlWindow.cpp,"CControlWindow::UpdateControl( int ControlID, double Position )",13,12,7,3,1,0,0,0,
C:\development\linkage\ControlWindow.cpp,"CControlWindow::AddControl( int ControlID, const char *pDescription, int CommandID, double InitialPosition )",13,10,8,2,3,0,0,0,
C:\development\linkage\ControlWindow.cpp,CControlWindow::OnEraseBkgnd( CDC* pDC ),2,2,2,1,0,0,0,0,
C:\development\linkage\ControlWindow.cpp,CControlWindow::Clear( void ),5,4,3,1,1,0,0,0,
C:\development\linkage\dimension.cpp,CDimension::CDimension(void),3,3,3,0,0,0,0,0,
C:\development\linkage\dimension.cpp,"CDimension::CDimension( CConnector *pConnector1, CConnector *pConnector2, CConnector *pConnector3 )",10,10,7,1,0,0,0,0,
C:\development\linkage\dimension.cpp,CDimension::~CDimension(void),1,1,1,0,0,0,0,0,
C:\development\linkage\dimension.cpp,CDimension::Contains( CConnector *pConnector ),7,7,4,4,0,0,0,0,
C:\development\linkage\DXFFile.cpp,"split( Container& result, const typename Container::value_type& s, const typename Container::value_type& delimiters, splitempties::empties_t empties = splitempties::empties_ok )",18,18,14,4,0,0,0,0,
C:\development\linkage\DXFFile.cpp,CDXFFile::CDXFFile(),7,7,7,0,0,0,0,0,
C:\development\linkage\DXFFile.cpp,CDXFFile::DXF_Header(),27,25,25,1,2,0,0,0,
C:\development\linkage\DXFFile.cpp,CDXFFile::DXF_BlockHeader(),2,2,2,1,0,0,0,0,
C:\development\linkage\DXFFile.cpp,CDXFFile::DXF_BuildBlockBody(),6,5,5,0,1,0,0,0,
C:\development\linkage\DXFFile.cpp,CDXFFile::DXF_BlockFooter(),2,2,2,1,0,0,0,0,
C:\development\linkage\DXFFile.cpp,CDXFFile::DXF_BodyHeader(),2,2,2,1,0,0,0,0,
C:\development\linkage\DXFFile.cpp,CDXFFile::DXF_BodyFooter(),2,2,2,1,0,0,0,0,
C:\development\linkage\DXFFile.cpp,CDXFFile::DXF_Footer(),2,2,2,1,0,0,0,0,
C:\development\linkage\DXFFile.cpp,CDXFFile::DXF_Save(const std::string &fpath),16,13,9,2,2,0,1,11,
C:\development\linkage\DXFFile.cpp,"CDXFFile::DXF_Line(double x1, double y1, double Z1, double x2, double y2, double Z2)",4,4,4,0,0,0,0,0,
C:\development\linkage\DXFFile.cpp,"CDXFFile::DXF_Circle(double x, double y, double Z, double Radius)",4,4,4,0,0,0,0,0,
C:\development\linkage\DXFFile.cpp,"CDXFFile::DXF_Arc(double x, double y, double Z, double Radius, double StartAngle, double EndAngle)",5,4,4,0,0,0,1,8,
C:\development\linkage\DXFFile.cpp,"CDXFFile::DXF_Text(double x, double y, double Z, double Height, const std::string &iText, bool bCenter )",6,6,5,1,0,0,0,0,
C:\development\linkage\DXFFile.cpp,"CDXFFile::DXF_Dimension(double x1, double y1, double x2, double y2, double PX1, double PY1, double PX2, double PY2, const std::string &iText)",2,2,2,0,0,0,0,0,
C:\development\linkage\DXFFile.cpp,"CDXFFile::DXF_Dimension(double x1, double y1, double x2, double y2, double PX1, double PY1, double PX2, double PY2, double iAng, const std::string &iText)",19,15,13,2,2,0,2,19,
C:\development\linkage\DXFFile.cpp,"CDXFFile::DXF_Rectangle(double x1, double y1, double Z1, double x2, double y2, double Z2)",9,9,9,0,0,0,0,0,
C:\development\linkage\DXFFile.cpp,"CDXFFile::DXF_Border(double x1, double y1, double Z1, double x2, double y2, double Z2)",9,9,9,0,0,0,0,0,
C:\development\linkage\DXFFile.cpp,"CDXFFile::DXF_ShowText(double x, double y, double eAng, double eRad, const std::string &eText)",15,11,11,0,0,0,4,23,
C:\development\linkage\DXFFile.cpp,"CDXFFile::DXF_ArrowHead(double iRadians, double sngX, double sngY)",22,11,11,0,0,0,11,71,
C:\development\linkage\DXFFile.cpp,"CDXFFile::DXF_Polyline( int Count, double *coordinate, bool bClosed )",13,12,9,2,1,0,0,0,
C:\development\linkage\DXFFile.cpp,"CDXFFile::DXF_Point(double x, double y)",4,4,4,0,0,0,0,0,
C:\development\linkage\DXFFile.cpp,"CDXFFile::DXF_Note(double x, double y, const std::string &note)",2,2,2,0,0,0,0,0,
C:\development\linkage\DXFFile.cpp,"CDXFFile::DXF_Note(double x, double y, const std::string &note, double txt_height)",10,8,6,1,2,0,0,0,
C:\development\linkage\Element.cpp,CElement::CElement(void),5,5,5,0,0,0,0,0,
C:\development\linkage\Element.cpp,CElement::~CElement(void),1,1,1,0,0,0,0,0,
C:\development\linkage\Element.cpp,CElement::CElement( const CElement &ExistingElement ),9,8,8,0,0,1,1,37,
C:\development\linkage\Element.cpp,CElement::AddFastenConnector( class CConnector *pConnector ),2,2,2,0,0,0,0,0,
C:\development\linkage\Element.cpp,CElement::AddFastenLink( class CLink *pLink ),2,2,2,0,0,0,0,0,
C:\development\linkage\Element.cpp,CElement::RemoveFastenElement( class CElement *pElement ),15,14,9,4,1,0,0,0,
C:\development\linkage\ExportImageSettingsDialog.cpp,CExportImageSettingsDialog::CExportImageSettingsDialog(CWnd* pParent ),3,3,3,0,0,0,0,0,
C:\development\linkage\ExportImageSettingsDialog.cpp,CExportImageSettingsDialog::~CExportImageSettingsDialog(),1,1,1,0,0,0,0,0,
C:\development\linkage\ExportImageSettingsDialog.cpp,CExportImageSettingsDialog::DoDataExchange(CDataExchange* pDX),12,10,10,0,2,0,0,0,
C:\development\linkage\ExportImageSettingsDialog.cpp,CExportImageSettingsDialog::OnBnClickedResolution(),2,2,2,0,0,0,0,0,
C:\development\linkage\ExportImageSettingsDialog.cpp,CExportImageSettingsDialog::OnEnChangeScaleFactor(),2,2,2,0,0,0,0,0,
C:\development\linkage\ExportImageSettingsDialog.cpp,CExportImageSettingsDialog::UpdateImage( void ),19,14,11,3,5,0,0,0,
C:\development\linkage\ExportImageSettingsDialog.cpp,CExportImageSettingsDialog::OnInitDialog(),15,10,10,1,4,1,1,17,
C:\development\linkage\ExportImageSettingsDialog.cpp,CExportImageSettingsDialog::OnPaint(),3,3,3,0,0,0,0,0,
C:\development\linkage\ExportImageSettingsDialog.cpp,CExportImageSettingsDialog::GetResolutionWidth( void ),13,13,7,6,0,0,0,0,
C:\development\linkage\ExportImageSettingsDialog.cpp,CExportImageSettingsDialog::GetResolutionHeight( void ),13,13,7,6,0,0,0,0,
C:\development\linkage\ExportImageSettingsDialog.cpp,CExportImageSettingsDialog::GetResolutionScale( void ),5,5,4,2,0,0,0,0,
C:\development\linkage\ExportImageSettingsDialog.cpp,CExportImageSettingsDialog::GetMarginScale( void ),2,2,2,1,0,0,0,0,
C:\development\linkage\ExportImageSettingsDialog.cpp,CExportImageSettingsDialog::OnCopy(),35,26,23,3,9,0,0,0,
C:\development\linkage\ExportImageSettingsDialog.cpp,CExportImageSettingsDialog::OnEnChangeEdit7(),2,2,2,0,0,0,0,0,
C:\development\linkage\GearRatioDialog.cpp,CGearRatioDialog::CGearRatioDialog(CWnd* pParent ),2,1,1,0,1,0,0,0,
C:\development\linkage\GearRatioDialog.cpp,CGearRatioDialog::~CGearRatioDialog(),1,1,1,0,0,0,0,0,
C:\development\linkage\GearRatioDialog.cpp,CGearRatioDialog::DoDataExchange(CDataExchange* pDX),12,11,11,0,1,0,0,0,
C:\development\linkage\GearRatioDialog.cpp,CGearRatioDialog::OnBnClickedRadio(),2,2,2,0,0,0,0,0,
C:\development\linkage\geometry.cpp,"CFPoint::SnapToLine( CFLine &Line, bool bToSegment, bool bStartToInfinity )",23,15,11,2,3,0,5,44,
C:\development\linkage\geometry.cpp,"CFCircle::SetCircle( CFPoint Center, CFPoint RadiusPoint )",3,3,3,0,0,0,0,0,
C:\development\linkage\geometry.cpp,"CFCircle::CircleIntersection( CFCircle& OtherCircle, CFPoint* ReturnPoint0, CFPoint* ReturnPoint1 )",38,25,22,4,11,3,2,38,
C:\development\linkage\geometry.cpp,"DistanceToLine( CFPoint &End1, CFPoint &End2, CFPoint CheckPoint )",43,33,25,3,7,0,3,10,
C:\development\linkage\geometry.cpp,CFRect::IsOverlapped( CFRect &Rect ),2,2,2,1,0,0,0,0,
C:\development\linkage\geometry.cpp,CFRect::IsInsideOf( CFRect &Rect ),5,5,2,4,0,0,0,0,
C:\development\linkage\geometry.cpp,CFPoint::IsInsideOf( class CFRect &Rect ),3,3,2,2,0,0,0,0,
C:\development\linkage\geometry.cpp,"CFPoint::MidPoint( CFPoint &Point, double ScaleDistance )",4,4,4,1,0,0,0,0,
C:\development\linkage\geometry.cpp,CFLine::MidPoint( double ScaleDistance ),4,4,4,1,0,0,0,0,
C:\development\linkage\geometry.cpp,"Intersects( const CFLine &Line, const CFCircle &Circle, CFPoint &HitPoint1, CFPoint &HitPoint2, bool &bHit1, bool &bHit2, bool bBeforeOkay, bool bAfterOkay )",110,90,52,22,12,0,8,94,
C:\development\linkage\geometry.cpp,"CFPoint::RotateAround( const CFPoint &OtherPoint, double Angle )",14,10,10,0,4,1,0,3,
C:\development\linkage\geometry.cpp,"CFPoint::SetPoint( CFPoint &OtherPoint, double Distance, double Angle )",14,4,4,0,2,1,8,45,
C:\development\linkage\geometry.cpp,"Intersects( const CFLine &Line1, const CFLine &Line2, CFPoint &intersection, int *pDirection, bool *pbOnBothSegments, bool *pbOnFirstSegment )",2,2,2,1,0,0,0,0,
C:\development\linkage\geometry.cpp,"Intersects( const CFPoint &line1Point1, const CFPoint &line1Point2, const CFPoint &line2Point1, const CFPoint &line2Point2, CFPoint &intersection, int *pDirection, bool *pbOnBothSegments, bool *pbOnFirstSegment )",90,45,24,11,14,1,31,192,
C:\development\linkage\geometry.cpp,"CFLine::PerpendicularPoint( CFPoint &Perp, const int Direction ) const",13,13,9,1,0,0,0,0,
C:\development\linkage\geometry.cpp,"CFLine::PerpendicularLine( CFLine &Perp, const int Direction ) const",4,4,4,0,0,0,0,0,
C:\development\linkage\geometry.cpp,"CFLine::PerpendicularLine( CFLine &Perp, double Length, const int Direction ) const",5,5,5,0,0,0,0,0,
C:\development\linkage\geometry.cpp,"CFLine::GetParallelLine( CFLine &NewLine, double Offset )",21,17,13,2,4,0,0,0,
C:\development\linkage\geometry.cpp,"DistanceAlongLine( CFLine &Line, CFPoint &Point )",12,9,9,1,3,0,0,0,
C:\development\linkage\geometry.cpp,"CFLine::MoveEnds( double MoveStartDistance, double MoveEndDistance )",13,10,9,1,3,0,0,0,
C:\development\linkage\geometry.cpp,CFLine::SetDistance( const double Distance ),7,6,5,1,1,0,0,0,
C:\development\linkage\geometry.cpp,"IsPointInPoly( int PointCount, const CFPoint *pPoints, const CFPoint &TestPoint )",17,15,9,5,2,0,0,0,
C:\development\linkage\geometry.cpp,CFRect::PointInRect( CFPoint Point ),2,2,2,1,0,0,0,0,
C:\development\linkage\geometry.cpp,"FindRadius( double ChordLength, double DistanceFromChord )",2,2,2,1,0,0,0,0,
C:\development\linkage\geometry.cpp,CFPoint::SnapToArc( CFArc &TheArc ),16,15,11,3,1,0,0,0,
C:\development\linkage\geometry.cpp,CFArc::PointOnArc( CFPoint &Point ),13,10,8,3,1,0,2,22,
C:\development\linkage\geometry.cpp,"GetTangents( const CFCircle &Circle1, const CFCircle &Circle2, CFLine &Result1, CFLine &Result2 )",45,34,30,6,10,0,1,10,
C:\development\linkage\graham.cpp,"GetHull( ConnectorList* pConnectors, int &ReturnedPointCount )",55,38,26,8,11,4,6,69,
C:\development\linkage\graham.cpp,"MoveLowest( CFPoint* pPoints, int Count )",14,13,9,2,1,0,0,0,
C:\development\linkage\graham.cpp,"Compare( const void* tpi, const void* tpj )",37,35,25,7,2,4,0,19,
C:\development\linkage\graham.cpp,"Graham( CFPoint* pPoints, CFPoint* pStack, int Count )",28,21,16,3,4,0,3,27,
C:\development\linkage\graham.cpp,"Squash( CFPoint* pPoints, int Count )",14,14,10,3,0,0,0,0,
C:\development\linkage\graham.cpp,"Area2( CFPoint a, CFPoint b, CFPoint c )",2,2,2,1,0,0,0,0,
C:\development\linkage\graham.cpp,"Left( CFPoint a, CFPoint b, CFPoint c )",2,2,2,1,0,0,0,0,
C:\development\linkage\graham.cpp,"AreaSign( CFPoint a, CFPoint b, CFPoint c )",9,6,6,1,2,0,1,7,
C:\development\linkage\helper.cpp,"GetxAty( int y, int x1, int y1, int x2, int y2, bool* pbValid )",15,15,8,7,0,0,0,0,
C:\development\linkage\helper.cpp,"GetyAtx( int x, int x1, int y1, int x2, int y2, bool* pbValid )",15,15,8,7,0,0,0,0,
C:\development\linkage\ImageSelectDialog.cpp,CImageSelectDialog::CImageSelectDialog(CWnd* pParent ),2,2,2,0,0,0,0,0,
C:\development\linkage\ImageSelectDialog.cpp,CImageSelectDialog::~CImageSelectDialog(),6,6,4,1,0,0,0,0,
C:\development\linkage\ImageSelectDialog.cpp,CImageSelectDialog::DoDataExchange(CDataExchange* pDX),2,2,2,0,0,0,0,0,
C:\development\linkage\ImageSelectDialog.cpp,CImageSelectDialog::OnEraseBkgnd(CDC* pDC),16,9,8,3,7,0,0,0,
C:\development\linkage\ImageSelectDialog.cpp,CImageSelectDialog::OnInitDialog(),50,32,28,5,14,0,4,23,
C:\development\linkage\LinePropertiesDialog.cpp,CLinePropertiesDialog::CLinePropertiesDialog(CWnd* pParent ),2,2,2,0,0,0,0,0,
C:\development\linkage\LinePropertiesDialog.cpp,CLinePropertiesDialog::~CLinePropertiesDialog(),1,1,1,0,0,0,0,0,
C:\development\linkage\LinePropertiesDialog.cpp,CLinePropertiesDialog::DoDataExchange(CDataExchange* pDX),29,26,22,2,3,0,0,0,
C:\development\linkage\LinePropertiesDialog.cpp,CLinePropertiesDialog::OnBnClickedCheck1(),5,5,5,0,0,0,0,0,
C:\development\linkage\LinePropertiesDialog.cpp,CLinePropertiesDialog::OnStnClickedColor(),7,7,5,1,0,0,0,0,
C:\development\linkage\link.cpp,CLink::CLink(),19,19,19,0,0,0,0,0,
C:\development\linkage\link.cpp,CLink::~CLink(),5,5,4,1,0,0,0,0,
C:\development\linkage\link.cpp,"CLink::GetArea( const GearConnectionList &GearConnections, CFRect &Rect )",30,26,21,3,4,0,0,0,
C:\development\linkage\link.cpp,"CLink::GetAdjustArea( const GearConnectionList &GearConnections, CFRect &Rect )",30,26,21,3,4,0,0,0,
C:\development\linkage\link.cpp,"CLink::GetAveragePoint( const GearConnectionList &GearConnections, CFPoint &Point )",10,8,7,1,2,0,0,0,
C:\development\linkage\link.cpp,CLink::SelectAllConnectors( bool bSelected ),9,9,6,2,0,0,0,0,
C:\development\linkage\link.cpp,"CLink::PointOnLink( const GearConnectionList &GearConnections, CFPoint Point, double TestDistance )",48,37,25,13,9,1,2,47,
C:\development\linkage\link.cpp,CLink::Reset( void ),15,14,11,2,1,0,0,0,
C:\development\linkage\link.cpp,CLink::RotateAround( CConnector* pConnector ),122,92,61,22,23,0,7,56,
C:\development\linkage\link.cpp,"GetClosestAngle( double OldAngle, double NewAngle )",14,9,7,5,1,0,4,35,
C:\development\linkage\link.cpp,"CLink::JoinToLink( CConnector *pFixedConnection, CConnector *pCommonConnector, CLink *pOtherToRotate )",115,75,50,26,15,5,25,251,
C:\development\linkage\link.cpp,"CLink::JoinToSlideLinkSpecial( CConnector *pFixedConnection, CConnector *pCommonConnector, CLink *pOtherLink )",210,115,79,39,40,1,55,528,
C:\development\linkage\link.cpp,"CLink::JoinToSlideLink( CConnector *pFixedConnection, CConnector *pCommonConnector, CLink *pOtherLink )",200,100,66,37,35,1,65,568,
C:\development\linkage\link.cpp,"CLink::SlideToLink( CConnector *pFixedConnection, CConnector *pSlider, CConnector *pLimit1, CConnector *pLimit2 )",82,47,32,15,17,3,18,183,
C:\development\linkage\link.cpp,"CLink::MoveToSlider( CConnector *pFixedConnection, CConnector *pSlider )",80,49,35,15,18,0,13,118,
C:\development\linkage\link.cpp,CLink::FixAll( void ),55,40,27,15,9,0,6,57,
C:\development\linkage\link.cpp,CLink::FindGearsToMatch( GearConnectionList &GearConnections ),66,50,32,14,12,0,4,67,
C:\development\linkage\link.cpp,"CLink::FindLinksToMatch( CConnector *pSkipConnector, CConnector *pSkipConnector2 )",122,65,39,20,15,0,42,385,
C:\development\linkage\link.cpp,CLink::InitializeForMove( void ),11,10,7,2,1,0,0,0,
C:\development\linkage\link.cpp,CLink::GetFixedConnectorCount( void ),14,12,8,4,2,0,0,0,
C:\development\linkage\link.cpp,CLink::GetInputConnectorCount( void ),14,12,8,4,2,0,0,0,
C:\development\linkage\link.cpp,CLink::GetFixedConnector( void ),18,16,11,4,2,0,0,0,
C:\development\linkage\link.cpp,"CLink::GetCommonConnector( CLink *pLink1, CLink *pLink2 )",20,18,11,8,2,0,0,0,
C:\development\linkage\link.cpp,CLink::RemoveConnector( CConnector* pConnector ),13,13,9,1,0,0,0,0,
C:\development\linkage\link.cpp,CLink::IsConnected( CConnector* pConnector ),2,2,2,1,0,0,0,0,
C:\development\linkage\link.cpp,CLink::AddConnector( class CConnector* pConnector ),4,4,3,1,0,0,0,0,
C:\development\linkage\link.cpp,"CLink::SlideBetween( class CConnector *pSlider, class CConnector *pConnector1, class CConnector *pConnector2 )",10,9,5,2,0,0,1,13,
C:\development\linkage\link.cpp,CLink::IsAllSelected( void ),9,9,6,4,0,0,0,0,
C:\development\linkage\link.cpp,CLink::IsAnySelected( void ),9,9,6,4,0,0,0,0,
C:\development\linkage\link.cpp,CLink::GetSelectedConnectorCount( void ),10,10,7,3,0,0,0,0,
C:\development\linkage\link.cpp,CLink::FixAllConnectors( void ),1,1,1,0,0,0,0,0,
C:\development\linkage\link.cpp,CLink::IsSelected( bool bIsSelectedConnector ),21,13,7,9,4,0,4,30,
C:\development\linkage\link.cpp,CLink::GetAnchorCount( void ),10,10,7,3,0,0,0,0,
C:\development\linkage\link.cpp,CLink::CLink( const CLink &ExistingLink ),16,15,12,2,1,0,0,0,
C:\development\linkage\link.cpp,CLink::GetIdentifierString( bool bDebugging ),16,15,10,5,1,0,0,0,
C:\development\linkage\link.cpp,"CLink::CanOnlySlide( CConnector** pLimit1, CConnector** pLimit2, CConnector** pSlider1, CConnector** pSlider2, bool *pbSlidersOnLink )",104,75,39,27,11,0,18,180,
C:\development\linkage\link.cpp,CLink::SetActuator( bool bActuator ),31,23,17,4,6,0,2,27,
C:\development\linkage\link.cpp,CLink::GetStrokePoint( CFPoint &Point ),27,18,14,8,8,0,1,3,
C:\development\linkage\link.cpp,CLink::IncrementExtension( double Increment ),2,2,2,0,0,0,0,0,
C:\development\linkage\link.cpp,CLink::SetExtension( double Value ),17,6,4,2,2,0,9,77,
C:\development\linkage\link.cpp,CLink::GetExtendedDistance( void ),7,7,5,2,0,0,0,0,
C:\development\linkage\link.cpp,"CLink::GetActuatedConnectorDistance( CConnector *pConnector1, CConnector* pConnector2 )",6,5,4,3,1,0,0,0,
C:\development\linkage\link.cpp,CLink::SetStroke( double Stroke ),6,5,5,0,1,0,0,0,
C:\development\linkage\link.cpp,CLink::UpdateFromController( void ),18,14,10,4,3,0,1,3,
C:\development\linkage\link.cpp,CLink::UpdateController( void ),21,15,12,3,5,0,1,13,
C:\development\linkage\link.cpp,CLink::MakePermanent( void ),3,3,3,0,0,0,0,0,
C:\development\linkage\link.cpp,CLink::ComputeHull( int *Count ),11,9,6,4,2,0,0,0,
C:\development\linkage\link.cpp,CLink::GetHull( int &Count ),5,5,4,2,0,0,0,0,
C:\development\linkage\link.cpp,CLink::GetConnector( int Index ),13,13,9,5,0,0,0,0,
C:\development\linkage\link.cpp,CLink::GetConnectedSlider( int Index ),13,13,9,5,0,0,0,0,
C:\development\linkage\link.cpp,"CLink::GetGearsRadius( CGearConnection *pGearConnection, double &Radius1, double &Radius2 )",34,26,19,9,8,0,0,0,
C:\development\linkage\link.cpp,"CompareDoubles( double &First, double &Second )",2,2,2,1,0,0,0,0,
C:\development\linkage\link.cpp,"CLink::GetGearRadii( const GearConnectionList &ConnectionList, std::list<double> &RadiusList )",57,37,25,11,14,0,6,53,
C:\development\linkage\link.cpp,"CLink::GetLargestGearRadius( const GearConnectionList &ConnectionList, CConnector **ppGearConnector )",14,12,9,5,2,0,0,0,
C:\development\linkage\link.cpp,LinkList::Remove( class CLink *pLink ),13,13,9,4,0,0,0,0,
C:\development\linkage\link.cpp,CLink::IsGearAnchored( void ),2,2,2,1,0,0,0,0,
C:\development\linkage\linkage.cpp,CLinkageApp::CLinkageApp(),2,2,2,0,0,0,0,0,
C:\development\linkage\linkage.cpp,CLinkageApp::InitInstance(),88,44,33,8,16,2,28,247,
C:\development\linkage\linkage.cpp,CLinkageApp::SetPrinterOrientation( int OrientationMode ),34,24,19,2,5,0,5,21,
C:\development\linkage\linkage.cpp,CAboutDlg::CAboutDlg(),3,1,1,0,0,0,2,2,
C:\development\linkage\linkage.cpp,CAboutDlg::DoDataExchange(CDataExchange* pDX),4,2,2,0,0,0,2,2,
C:\development\linkage\linkage.cpp,CLinkageApp::OnAppAbout(),3,3,3,0,0,0,0,0,
C:\development\linkage\linkage.cpp,CLinkageApp::PreLoadState(),6,6,6,0,0,0,0,0,
C:\development\linkage\linkage.cpp,CLinkageApp::LoadCustomState(),1,1,1,0,0,0,0,0,
C:\development\linkage\linkage.cpp,CLinkageApp::SaveCustomState(),1,1,1,0,0,0,0,0,
C:\development\linkage\linkageDoc.cpp,CLinkageDoc::GetUnitsString( CLinkageDoc::_Units Units ),7,7,4,1,0,0,0,0,
C:\development\linkage\linkageDoc.cpp,CLinkageDoc::GetUnitsValue( const char *pUnits ),9,9,6,4,0,0,0,0,
C:\development\linkage\linkageDoc.cpp,CLinkageDoc::IsEmpty( void ),2,2,2,1,0,0,0,0,
C:\development\linkage\linkageDoc.cpp,"CLinkageDoc::SetLinkConnector( CLink* pLink, CConnector* pConnector )",6,5,4,1,1,0,0,0,
C:\development\linkage\linkageDoc.cpp,CLinkageDoc::CLinkageDoc(),29,26,26,0,3,0,0,0,
C:\development\linkage\linkageDoc.cpp,CLinkageDoc::~CLinkageDoc(),4,3,3,0,1,0,0,0,
C:\development\linkage\linkageDoc.cpp,CLinkageDoc::OnNewDocument(),39,33,30,4,6,0,0,0,
C:\development\linkage\linkageDoc.cpp,CLinkageDoc::FindConnector( int ID ),9,9,6,4,0,0,0,0,
C:\development\linkage\linkageDoc.cpp,CLinkageDoc::FindLink( int ID ),9,9,6,4,0,0,0,0,
C:\development\linkage\linkageDoc.cpp,"AppendXMLAttribute( CString &String, const char *pName, const char *pValue, bool bIsSet = true )",15,12,9,3,3,0,0,0,
C:\development\linkage\linkageDoc.cpp,"AppendXMLAttribute( CString &String, const char *pName, int Value, bool bIsSet = true )",6,6,5,1,0,0,0,0,
C:\development\linkage\linkageDoc.cpp,"AppendXMLAttribute( CString &String, const char *pName, unsigned int Value, bool bIsSet = true )",6,6,5,1,0,0,0,0,
C:\development\linkage\linkageDoc.cpp,"AppendXMLAttribute( CString &String, const char *pName, bool bValue, bool bIsSet = true )",4,4,3,1,0,0,0,0,
C:\development\linkage\linkageDoc.cpp,"AppendXMLAttribute( CString &String, const char *pName, double Value, bool bIsSet = true )",6,6,5,1,0,0,0,0,
C:\development\linkage\linkageDoc.cpp,"CLinkageDoc::ReadIn( CArchive& ar, bool bSelectAll, bool bObeyUnscaleOffset, bool bUseSavedSelection, bool bResetColors )",486,401,263,93,46,0,39,218,
C:\development\linkage\linkageDoc.cpp,"CLinkageDoc::WriteOut( CArchive& ar, bool bSelectedOnly )",232,168,137,20,29,0,35,294,
C:\development\linkage\linkageDoc.cpp,CLinkageDoc::Serialize(CArchive& ar),9,6,4,1,2,0,1,3,
C:\development\linkage\linkageDoc.cpp,CLinkageDoc::AssertValid() const,2,2,2,0,0,0,0,0,
C:\development\linkage\linkageDoc.cpp,CLinkageDoc::Dump(CDumpContext& dc) const,2,2,2,0,0,0,0,0,
C:\development\linkage\linkageDoc.cpp,CLinkageDoc::ClearSelection( void ),30,28,20,7,2,0,0,0,
C:\development\linkage\linkageDoc.cpp,CLinkageDoc::SelectElement( void ),3,3,3,1,0,0,0,0,
C:\development\linkage\linkageDoc.cpp,CLinkageDoc::SelectElement( CLink *pLink ),8,6,5,3,2,0,0,0,
C:\development\linkage\linkageDoc.cpp,CLinkageDoc::DeSelectElement( CLink *pLink ),10,7,5,5,3,0,0,0,
C:\development\linkage\linkageDoc.cpp,CLinkageDoc::DeSelectElement( CConnector *pConnector ),13,9,6,6,4,0,0,0,
C:\development\linkage\linkageDoc.cpp,CLinkageDoc::SelectElement( CConnector *pConnector ),9,7,6,3,2,0,0,0,
C:\development\linkage\linkageDoc.cpp,"CLinkageDoc::SelectElement( CFRect Rect, bool bMultiSelect, bool &bSelectionChanged )",32,29,20,8,3,0,0,0,
C:\development\linkage\linkageDoc.cpp,"CLinkageDoc::FindElement( CFPoint Point, double GrabDistance, CLink *&pFoundLink, CConnector *&pFoundConnector )",27,26,16,9,1,0,0,0,
C:\development\linkage\linkageDoc.cpp,CLinkageDoc::AutoJoinSelected( void ),34,20,13,9,9,0,5,16,
C:\development\linkage\linkageDoc.cpp,"CLinkageDoc::SelectElement( CFPoint Point, double GrabDistance, bool bMultiSelect, bool &bSelectionChanged )",230,189,112,50,21,0,20,89,
C:\development\linkage\linkageDoc.cpp,"CLinkageDoc::StretchSelected( CFRect OriginalRect, CFRect NewRect, _Direction Direction )",40,29,21,6,8,0,3,52,
C:\development\linkage\linkageDoc.cpp,CLinkageDoc::MoveCapturedController( CFPoint Point ),31,25,21,5,6,0,0,0,
C:\development\linkage\linkageDoc.cpp,"CLinkageDoc::CheckForSnap( double SnapDistance, bool bElementSnap, bool bGridSnap, double xGrid, double yGrid, CFPoint &ReferencePoint )",142,106,70,22,23,0,13,83,
C:\development\linkage\linkageDoc.cpp,"CLinkageDoc::MoveSelected( CFPoint Point, bool bElementSnap, bool bGridSnap, double xGrid, double yGrid, double SnapDistance, CFPoint &ReferencePoint )",52,40,28,13,12,0,0,0,
C:\development\linkage\linkageDoc.cpp,CLinkageDoc::FixupSliderLocation( CConnector *pConnector ),76,58,39,16,8,1,10,117,
C:\development\linkage\linkageDoc.cpp,CLinkageDoc::FixupSliderLocations( void ),29,23,14,7,5,0,1,9,
C:\development\linkage\linkageDoc.cpp,CLinkageDoc::FixupGearConnections( void ),8,7,5,2,1,0,0,0,
C:\development\linkage\linkageDoc.cpp,CLinkageDoc::Unfasten( CLink *pFastenedTo ),28,22,14,7,6,0,0,0,
C:\development\linkage\linkageDoc.cpp,"CLinkageDoc::RotateSelected( CFPoint CenterPoint, double Angle )",23,18,13,6,5,0,0,0,
C:\development\linkage\linkageDoc.cpp,CLinkageDoc::StartChangeSelected( void ),3,3,3,1,0,0,0,0,
C:\development\linkage\linkageDoc.cpp,CLinkageDoc::FinishChangeSelected( void ),27,23,18,4,4,0,0,0,
C:\development\linkage\linkageDoc.cpp,"CLinkageDoc::SimulateStep( int StepNumber, bool bAbsoluteStepNumber, int* pInputID, double *pInputPositions, int InputCount )",150,109,66,29,18,0,23,174,
C:\development\linkage\linkageDoc.cpp,CLinkageDoc::MoveSimulation( void ),57,50,33,14,6,0,1,8,
C:\development\linkage\linkageDoc.cpp,"CLinkageDoc::Reset( bool bClearMotionPath, bool KeepCurrentPositions )",34,26,18,6,8,0,0,0,
C:\development\linkage\linkageDoc.cpp,CLinkageDoc::JoinSelected( bool bSaveUndoState ),139,101,72,22,32,0,6,67,
C:\development\linkage\linkageDoc.cpp,CLinkageDoc::ConnectSelected( void ),51,37,29,6,11,0,3,24,
C:\development\linkage\linkageDoc.cpp,CLinkageDoc::RawAngleSelected( double Angle ),20,17,12,3,3,0,0,0,
C:\development\linkage\linkageDoc.cpp,CLinkageDoc::MakeSelectedAtAngle( double Angle ),13,8,7,1,5,0,0,0,
C:\development\linkage\linkageDoc.cpp,CLinkageDoc::MakeRightAngleSelected( void ),13,8,7,1,5,0,0,0,
C:\development\linkage\linkageDoc.cpp,"DistanceCompare( const void *tp1, const void *tp2 )",1,1,1,0,0,0,0,0,
C:\development\linkage\linkageDoc.cpp,CLinkageDoc::AlignSelected( _Direction Direction ),180,145,92,31,35,0,0,0,
C:\development\linkage\linkageDoc.cpp,CLinkageDoc::MakeParallelogramSelected( bool bMakeRectangle ),38,25,19,4,11,0,2,11,
C:\development\linkage\linkageDoc.cpp,CLinkageDoc::CombineSelected( void ),42,36,28,5,6,0,0,0,
C:\development\linkage\linkageDoc.cpp,CLinkageDoc::DeleteSelected( void ),34,24,18,4,8,0,2,16,
C:\development\linkage\linkageDoc.cpp,CLinkageDoc::RemoveConnector( CConnector *pConnector ),31,1,1,0,0,0,30,89,
C:\development\linkage\linkageDoc.cpp,CLinkageDoc::RemoveLink( CLink *pLink ),14,1,1,0,0,0,13,34,
C:\development\linkage\linkageDoc.cpp,"CLinkageDoc::DeleteLink( CLink *pLink, CConnector *pDeletingConnector )",27,23,18,4,4,0,0,0,
C:\development\linkage\linkageDoc.cpp,"CLinkageDoc::DeleteConnector( CConnector *pConnector, CLink *pDeletingLink )",43,36,25,8,7,0,0,0,
C:\development\linkage\linkageDoc.cpp,"CLinkageDoc::DeleteConnector( POSITION Position, CConnector *pConnector )",17,17,11,4,0,0,0,0,
C:\development\linkage\linkageDoc.cpp,CLinkageDoc::NormalizeConnectorLinks( void ),46,38,25,9,5,0,3,31,
C:\development\linkage\linkageDoc.cpp,CLinkageDoc::ValidateMovement( void ),40,36,22,11,4,0,0,0,
C:\development\linkage\linkageDoc.cpp,CLinkageDoc::SetViewLayers( unsigned int Layers ),3,3,3,0,0,0,0,0,
C:\development\linkage\linkageDoc.cpp,CLinkageDoc::SetEditLayers( unsigned int Layers ),19,16,10,4,2,0,1,15,
C:\development\linkage\linkageDoc.cpp,CLinkageDoc::GetSelectedConnectorCount( void ),11,11,8,3,0,0,0,0,
C:\development\linkage\linkageDoc.cpp,CLinkageDoc::GetSelectedLinkCount( bool bOnlyWithMultipleConnectors ),17,15,9,5,2,0,0,0,
C:\development\linkage\linkageDoc.cpp,"CLinkageDoc::FindRoomFor( CFRect NeedRect, CFPoint &PlaceHere )",35,32,23,8,3,0,0,0,
C:\development\linkage\linkageDoc.cpp,"CLinkageDoc::InsertLink( unsigned int Layers, double ScaleFactor, CFPoint DesiredPoint, bool bForceToPoint, int ConnectorCount, bool bAnchor, bool bRotating, bool bSlider, bool bActuator, bool bMeasurement, bool bSolid, bool bGear )",138,101,79,16,21,0,16,62,
C:\development\linkage\linkageDoc.cpp,CLinkageDoc::DeleteContents( bool bDeleteUndoInfo ),60,53,37,10,6,0,1,21,
C:\development\linkage\linkageDoc.cpp,CLinkageDoc::DeleteContents(),3,3,3,0,0,0,0,0,
C:\development\linkage\linkageDoc.cpp,CLinkageDoc::SelectAll( void ),17,17,11,4,0,0,0,0,
C:\development\linkage\linkageDoc.cpp,CLinkageDoc::SplitSelected( void ),90,65,45,13,15,0,10,59,
C:\development\linkage\linkageDoc.cpp,CLinkageDoc::StopSimulation( void ),10,8,6,2,2,0,0,0,
C:\development\linkage\linkageDoc.cpp,CLinkageDoc::Copy( bool bCut ),30,25,24,1,5,0,0,0,
C:\development\linkage\linkageDoc.cpp,CLinkageDoc::Paste( void ),56,41,32,6,7,0,8,72,
C:\development\linkage\linkageDoc.cpp,CLinkageDoc::SelectSample( int Index ),29,21,19,2,8,0,0,0,
C:\development\linkage\linkageDoc.cpp,"CLinkageDoc::GetDocumentArea( CFRect &BoundingRect, bool bSelectedOnly )",36,34,23,9,2,0,0,0,
C:\development\linkage\linkageDoc.cpp,"CLinkageDoc::GetDocumentAdjustArea( CFRect &BoundingRect, bool bSelectedOnly )",40,37,24,10,2,0,1,8,
C:\development\linkage\linkageDoc.cpp,"CommonDivisor( int *Values, int Count )",67,36,20,12,10,0,21,133,
C:\development\linkage\linkageDoc.cpp,CLinkageDoc::GetSimulationSteps( void ),77,48,30,17,11,0,18,136,
C:\development\linkage\linkageDoc.cpp,CLinkageDoc::IsAnySelected( void ),2,2,2,1,0,0,0,0,
C:\development\linkage\linkageDoc.cpp,CLinkageDoc::IsSelectionAdjustable( void ),22,17,11,7,4,0,1,13,
C:\development\linkage\linkageDoc.cpp,CUndoRecord::CUndoRecord( BYTE *pData ),2,2,2,0,0,0,0,0,
C:\development\linkage\linkageDoc.cpp,CUndoRecord::~CUndoRecord(),4,4,3,1,0,0,0,0,
C:\development\linkage\linkageDoc.cpp,CUndoRecord::ClearContent( BYTE **ppData ),5,5,4,1,0,0,0,0,
C:\development\linkage\linkageDoc.cpp,CLinkageDoc::PushUndo( void ),44,34,25,6,9,0,1,7,
C:\development\linkage\linkageDoc.cpp,CLinkageDoc::PopUndo( void ),21,14,13,1,7,0,0,0,
C:\development\linkage\linkageDoc.cpp,CLinkageDoc::PopUndoDelete( void ),11,10,8,1,1,1,0,6,
C:\development\linkage\linkageDoc.cpp,CLinkageDoc::Undo( void ),33,26,18,7,4,0,3,12,
C:\development\linkage\linkageDoc.cpp,CLinkageDoc::ConnectSliderLimits( bool bTestOnly ),74,57,42,15,15,0,2,19,
C:\development\linkage\linkageDoc.cpp,NumberOfSetBits( unsigned int Value ),4,4,4,1,0,0,0,0,
C:\development\linkage\linkageDoc.cpp,CLinkageDoc::SetSelectedModifiableCondition( void ),141,129,82,31,12,1,0,7,
C:\development\linkage\linkageDoc.cpp,CLinkageDoc::GetSelectedConnector( int Index ),10,10,7,4,0,0,0,0,
C:\development\linkage\linkageDoc.cpp,"CLinkageDoc::GetNextAutoSelectable( _SelectDirection SelectDirection, POSITION &Position, bool &bIsConnector )",63,63,35,11,0,0,0,0,
C:\development\linkage\linkageDoc.cpp,CLinkageDoc::SelectNext( _SelectDirection SelectDirection ),88,62,40,18,11,0,15,99,
C:\development\linkage\linkageDoc.cpp,"CLinkageDoc::InsertXml( CFPoint DesiredPoint, bool bForceToPoint, const char *pXml )",12,9,9,0,3,0,0,0,
C:\development\linkage\linkageDoc.cpp,CLinkageDoc::SetUnits( CLinkageDoc::_Units Units ),10,9,6,1,1,0,0,0,
C:\development\linkage\linkageDoc.cpp,CLinkageDoc::GetUnits( void ),2,2,2,1,0,0,0,0,
C:\development\linkage\linkageDoc.cpp,CLinkageDoc::SetSelectedConnectorCoordinates( const char *pCoordinateString ),74,58,43,17,14,0,2,2,
C:\development\linkage\linkageDoc.cpp,"CLinkageDoc::GetSelectedLink( int Index, bool bOnlyWithMultipleConnectors )",15,15,10,6,0,0,0,0,
C:\development\linkage\linkageDoc.cpp,CLinkageDoc::AddConnectorToSelected( double Offset ),45,37,28,12,8,0,0,0,
C:\development\linkage\linkageDoc.cpp,CLinkageDoc::CanAddConnector( void ),15,15,8,8,0,0,0,0,
C:\development\linkage\linkageDoc.cpp,CLinkageDoc::UnfastenSelected( void ),30,23,16,6,7,0,0,0,
C:\development\linkage\linkageDoc.cpp,CLinkageDoc::FastenSelected( void ),105,87,53,23,18,1,0,15,
C:\development\linkage\linkageDoc.cpp,CLinkageDoc::CheckForMovement( CLink *pLink ),42,30,16,7,5,0,7,48,
C:\development\linkage\linkageDoc.cpp,"CLinkageDoc::ConnectGears( CLink *pLink1, CLink *pLink2, double Size1, double Size2 )",31,26,18,10,5,0,0,0,
C:\development\linkage\linkageDoc.cpp,CLinkageDoc::DisconnectGear( CLink *pLink ),21,18,12,7,3,0,0,0,
C:\development\linkage\linkageDoc.cpp,CLinkageDoc::CheckMeshableGears( void ),8,6,5,3,2,0,0,0,
C:\development\linkage\linkageDoc.cpp,"CLinkageDoc::CheckMeshableGears( CLink *pGear1, CLink *pGear2 )",95,75,44,29,16,0,4,37,
C:\development\linkage\linkageDoc.cpp,"CLinkageDoc::GetGearRatio( CLink *pGear1, CLink *pGear2, double *pSize1, double *pSize2 )",33,30,15,13,3,0,0,0,
C:\development\linkage\linkageDoc.cpp,"CLinkageDoc::SetGearRatio( CLink *pGear1, CLink *pGear2, double Size1, double Size2, bool bUseSizeAsSize, CGearConnection::ConnectionType ConnectionType )",2,2,2,1,0,0,0,0,
C:\development\linkage\linkageDoc.cpp,"CLinkageDoc::SetGearRatio( CLink *pGear1, CLink *pGear2, double Size1, double Size2, bool bUseSizeAsSize, CGearConnection::ConnectionType ConnectionType, bool bFromUI )",40,33,23,9,7,0,0,0,
C:\development\linkage\linkageDoc.cpp,"CLinkageDoc::RemoveGearRatio( CConnector *pGearConnector, CLink *pGearLink )",16,15,9,4,1,0,0,0,
C:\development\linkage\linkageDoc.cpp,"CLinkageDoc::FastenThese( CConnector *pFastenThis, CLink *pFastenToThis )",3,3,3,0,0,0,0,0,
C:\development\linkage\linkageDoc.cpp,"CLinkageDoc::FastenThese( CLink *pFastenThis, CLink *pFastenToThis )",3,3,3,0,0,0,0,0,
C:\development\linkage\linkageDoc.cpp,"CLinkageDoc::FastenThese( CLink *pFastenThis, CConnector *pFastenToThis )",3,3,3,0,0,0,0,0,
C:\development\linkage\linkageView.cpp,ToUnicode( const char *pString ),6,6,6,1,0,0,0,0,
C:\development\linkage\linkageView.cpp,CLinkageView::CLinkageView(),105,94,84,2,11,0,0,0,
C:\development\linkage\linkageView.cpp,CLinkageView::SetupFont( void ),11,11,7,1,0,0,0,0,
C:\development\linkage\linkageView.cpp,CLinkageView::~CLinkageView(),41,35,29,5,6,0,0,0,
C:\development\linkage\linkageView.cpp,CLinkageView::PreCreateWindow(CREATESTRUCT& cs),3,3,3,1,0,0,0,0,
C:\development\linkage\linkageView.cpp,CLinkageView::AssertValid() const,2,2,2,0,0,0,0,0,
C:\development\linkage\linkageView.cpp,CLinkageView::Dump(CDumpContext& dc) const,2,2,2,0,0,0,0,0,
C:\development\linkage\linkageView.cpp,CLinkageView::GetDocument(),3,3,3,1,0,0,0,0,
C:\development\linkage\linkageView.cpp,"CLinkageView::GetAdjustmentControlRect( AdjustmentControl Control, CRect &Rect )",4,4,4,0,0,0,0,0,
C:\development\linkage\linkageView.cpp,"CLinkageView::GetAdjustmentControlRect( AdjustmentControl Control, CFRect &Rect )",73,71,37,16,1,0,1,6,
C:\development\linkage\linkageView.cpp,CLinkageView::DrawAdjustmentControls( CRenderer *pRenderer ),69,56,48,13,8,1,5,29,
C:\development\linkage\linkageView.cpp,"CLinkageView::GetPrintPageCount( CDC *pDC, CPrintInfo *pPrintInfo, bool bPrintActualSize )",29,18,17,3,10,0,1,5,
C:\development\linkage\linkageView.cpp,"CLinkageView::PreparePrepareRenderer( CRenderer &Renderer, CRect *pDrawRect, CBitmap *pBitmap, CDC *pDC, double ScalingValue, bool bScaleToFit, double MarginScale, double UnscaledUnitSize, bool bForScreen, bool bAntiAlias, bool bActualSize, int PageNumber )",172,106,85,12,36,0,30,270,
C:\development\linkage\linkageView.cpp,CLinkageView::DrawData( CRenderer *pRenderer ),64,43,34,7,12,0,9,54,
C:\development\linkage\linkageView.cpp,CLinkageView::DrawAlignmentLines( CRenderer *pRenderer ),84,64,48,11,18,0,2,23,
C:\development\linkage\linkageView.cpp,CLinkageView::DrawSnapLines( CRenderer *pRenderer ),46,32,22,8,9,0,5,26,
C:\development\linkage\linkageView.cpp,CLinkageView::GetDocumentAdjustArea( bool bSelectedOnly ),7,6,6,1,1,0,0,0,
C:\development\linkage\linkageView.cpp,CLinkageView::GetDocumentArea( bool bSelectedOnly ),7,6,6,1,1,0,0,0,
C:\development\linkage\linkageView.cpp,CLinkageView::DoDraw( CRenderer* pRenderer ),5,5,3,1,0,0,0,0,
C:\development\linkage\linkageView.cpp,CLinkageView::DrawMechanism( CRenderer* pRenderer ),255,214,135,48,36,0,5,23,
C:\development\linkage\linkageView.cpp,CLinkageView::DrawPartsList( CRenderer* pRenderer ),238,201,125,46,32,0,5,23,
C:\development\linkage\linkageView.cpp,"CLinkageView::DrawMotionPath( CRenderer *pRenderer, CConnector *pConnector )",26,23,17,4,2,0,1,9,
C:\development\linkage\linkageView.cpp,"StretchBltPlus( HDC hdcDest, int nXOriginDest, int nYOriginDest, int nWidthDest, int nHeightDest, HDC hdcSrc, int nXOriginSrc, int nYOriginSrc, int nWidthSrc, int nHeightSrc, DWORD dwRop )",10,10,10,1,0,0,0,0,
C:\development\linkage\linkageView.cpp,"CLinkageView::OnPrint(CDC* pDC, CPrintInfo* pPrintInfo)",5,3,3,0,1,1,1,11,
C:\development\linkage\linkageView.cpp,CLinkageView::OnDraw( CDC* pDC ),18,2,2,0,2,0,14,40,
C:\development\linkage\linkageView.cpp,"CLinkageView::OnDraw( CDC* pDC, CPrintInfo *pPrintInfo )",86,40,27,5,20,0,26,175,
C:\development\linkage\linkageView.cpp,CLinkageView::DrawAnicrop( CRenderer *pRenderer ),25,17,16,1,7,0,1,6,
C:\development\linkage\linkageView.cpp,CLinkageView::DrawRuler( CRenderer *pRenderer ),71,55,46,5,13,0,3,36,
C:\development\linkage\linkageView.cpp,"CLinkageView::SelectVideoBox( UINT nFlags, CPoint Point )",107,93,68,16,9,0,5,41,
C:\development\linkage\linkageView.cpp,"CLinkageView::SelectAdjustmentControl( UINT nFlags, CPoint Point )",107,93,68,16,9,0,5,41,
C:\development\linkage\linkageView.cpp,CLinkageView::MarkSelection( bool bSelectionChanged ),19,19,12,2,0,0,0,0,
C:\development\linkage\linkageView.cpp,"CLinkageView::FindDocumentItem( CPoint Point, CLink *&pFoundLink, CConnector *&pFoundConnector )",9,6,6,1,3,0,0,0,
C:\development\linkage\linkageView.cpp,"CLinkageView::SelectDocumentItem( UINT nFlags, CPoint point )",26,19,15,5,7,0,0,0,
C:\development\linkage\linkageView.cpp,"CLinkageView::DragSelectionBox( UINT nFlags, CPoint point )",15,7,6,3,3,0,5,33,
C:\development\linkage\linkageView.cpp,"CLinkageView::OnLButtonDown(UINT nFlags, CPoint point)",24,18,14,4,6,0,0,0,
C:\development\linkage\linkageView.cpp,"CLinkageView::OnButtonUp(UINT nFlags, CPoint point)",22,18,15,2,4,0,0,0,
C:\development\linkage\linkageView.cpp,"CLinkageView::OnLButtonUp(UINT nFlags, CPoint point)",2,2,2,0,0,0,0,0,
C:\development\linkage\linkageView.cpp,"CLinkageView::OnMouseMoveSelect(UINT nFlags, CPoint point)",5,5,5,0,0,0,0,0,
C:\development\linkage\linkageView.cpp,"CLinkageView::OnMouseMoveDrag(UINT nFlags, CPoint point)",40,30,22,5,7,0,3,33,
C:\development\linkage\linkageView.cpp,"CLinkageView::OnMouseMovePan(UINT nFlags, CPoint point)",4,4,4,0,0,0,0,0,
C:\development\linkage\linkageView.cpp,"CLinkageView::OnMouseMoveRotate(UINT nFlags, CPoint point)",10,9,8,1,1,0,0,0,
C:\development\linkage\linkageView.cpp,"CLinkageView::OnMouseMoveRecenter(UINT nFlags, CPoint point)",19,12,10,1,6,0,1,3,
C:\development\linkage\linkageView.cpp,"CLinkageView::OnMouseMoveStretch(UINT nFlags, CPoint point, bool bEndStretch )",86,77,53,13,9,0,0,0,
C:\development\linkage\linkageView.cpp,"CLinkageView::OnMouseEndChangeAdjusters(UINT nFlags, CPoint point)",9,9,5,2,0,0,0,0,
C:\development\linkage\linkageView.cpp,"CLinkageView::OnMouseEndDrag(UINT nFlags, CPoint point)",27,22,17,2,5,0,0,0,
C:\development\linkage\linkageView.cpp,"CLinkageView::OnMouseEndSelect(UINT nFlags, CPoint point)",46,35,25,4,7,0,4,15,
C:\development\linkage\linkageView.cpp,"CLinkageView::OnMouseEndPan(UINT nFlags, CPoint point)",2,2,2,0,0,0,0,0,
C:\development\linkage\linkageView.cpp,"CLinkageView::OnMouseEndRotate(UINT nFlags, CPoint point)",7,7,7,0,0,0,0,0,
C:\development\linkage\linkageView.cpp,"CLinkageView::OnMouseEndRecenter(UINT nFlags, CPoint point)",2,2,2,0,0,0,0,0,
C:\development\linkage\linkageView.cpp,"CLinkageView::OnMouseEndStretch(UINT nFlags, CPoint point)",7,7,7,0,0,0,0,0,
C:\development\linkage\linkageView.cpp,CLinkageView::SetLocationAsStatus( CFPoint &Point ),9,7,7,0,2,0,0,0,
C:\development\linkage\linkageView.cpp,"CLinkageView::OnMouseMove(UINT nFlags, CPoint point)",48,39,24,11,9,0,0,0,
C:\development\linkage\linkageView.cpp,CLinkageView::OnMechanismReset(),6,5,5,0,1,0,0,0,
C:\development\linkage\linkageView.cpp,"TimeProc( UINT uID, UINT uMsg, DWORD dwUser, DWORD dw1, DWORD dw2 )",4,4,4,0,0,0,0,0,
C:\development\linkage\linkageView.cpp,"CLinkageView::InitializeVideoFile( const char *pVideoFile, const char *pCompressorString )",12,10,8,2,2,0,0,0,
C:\development\linkage\linkageView.cpp,"CLinkageView::SaveVideoFrame( CRenderer *pRenderer, CRect &CaptureRect )",47,37,21,7,10,0,0,0,
C:\development\linkage\linkageView.cpp,CLinkageView::VideoThreadFunction( void ),19,16,10,3,3,0,0,0,
C:\development\linkage\linkageView.cpp,VideoThreadFunction( void* pInfo ),8,6,5,3,2,0,0,0,
C:\development\linkage\linkageView.cpp,CLinkageView::StartVideoThread( void ),14,13,10,5,1,0,0,0,
C:\development\linkage\linkageView.cpp,CLinkageView::CloseVideoFile( void ),15,12,8,3,3,0,0,0,
C:\development\linkage\linkageView.cpp,CLinkageView::StartMechanismSimulate( enum _SimulationControl SimulationControl ),28,23,19,3,5,0,0,0,
C:\development\linkage\linkageView.cpp,CLinkageView::StopMechanismSimulate( bool KeepCurrentPositions ),24,17,15,2,7,0,0,0,
C:\development\linkage\linkageView.cpp,CLinkageView::OnMechanismSimulate(),3,3,3,0,0,0,0,0,
C:\development\linkage\linkageView.cpp,CLinkageView::ConfigureControlWindow( enum _SimulationControl SimulationControl ),46,42,28,10,4,0,0,0,
C:\development\linkage\linkageView.cpp,CLinkageView::OnControlWindow(),1,1,1,0,0,0,0,0,
C:\development\linkage\linkageView.cpp,CLinkageView::OnUpdateMechanismQuicksim(CCmdUI *pCmdUI),2,2,2,0,0,0,0,0,
C:\development\linkage\linkageView.cpp,CLinkageView::OnUpdateMechanismSimulate(CCmdUI *pCmdUI),2,2,2,0,0,0,0,0,
C:\development\linkage\linkageView.cpp,CLinkageView::StepSimulation( enum _SimulationControl SimulationControl ),60,49,32,10,9,0,2,8,
C:\development\linkage\linkageView.cpp,CLinkageView::OnTimer(UINT_PTR nIDEvent),64,48,31,11,13,0,3,30,
C:\development\linkage\linkageView.cpp,CLinkageView::OnUpdateMechanismReset(CCmdUI *pCmdUI),2,2,2,0,0,0,0,0,
C:\development\linkage\linkageView.cpp,CLinkageView::OnUpdateAlignButton(CCmdUI *pCmdUI),14,11,7,4,3,0,0,0,
C:\development\linkage\linkageView.cpp,CLinkageView::OnUpdateEdit(CCmdUI *pCmdUI),2,2,2,0,0,0,0,0,
C:\development\linkage\linkageView.cpp,CLinkageView::OnUpdateNotSimulating(CCmdUI *pCmdUI),2,2,2,0,0,0,0,0,
C:\development\linkage\linkageView.cpp,CLinkageView::OnUpdateEditSelected(CCmdUI *pCmdUI),5,5,5,0,0,0,0,0,
C:\development\linkage\linkageView.cpp,CLinkageView::OnUpdateEditConnect(CCmdUI *pCmdUI),4,4,4,0,0,0,0,0,
C:\development\linkage\linkageView.cpp,CLinkageView::OnUpdateEditFasten(CCmdUI *pCmdUI),4,4,4,0,0,0,0,0,
C:\development\linkage\linkageView.cpp,CLinkageView::OnUpdateEditUnfasten(CCmdUI *pCmdUI),4,4,4,0,0,0,0,0,
C:\development\linkage\linkageView.cpp,CLinkageView::OnUpdateEditSetRatio(CCmdUI *pCmdUI),4,4,4,0,0,0,0,0,
C:\development\linkage\linkageView.cpp,CLinkageView::OnUpdateEditJoin(CCmdUI *pCmdUI),4,4,4,0,0,0,0,0,
C:\development\linkage\linkageView.cpp,CLinkageView::OnUpdateEditCombine(CCmdUI *pCmdUI),4,4,4,0,0,0,0,0,
C:\development\linkage\linkageView.cpp,CLinkageView::OnEditCombine(),5,5,5,0,0,0,0,0,
C:\development\linkage\linkageView.cpp,CLinkageView::OnEditConnect(),5,5,5,0,0,0,0,0,
C:\development\linkage\linkageView.cpp,CLinkageView::OnEditFasten(),5,5,5,0,0,0,0,0,
C:\development\linkage\linkageView.cpp,CLinkageView::OnEditUnfasten(),5,5,5,0,0,0,0,0,
C:\development\linkage\linkageView.cpp,CLinkageView::OnEditSetRatio(),38,29,21,4,8,0,1,13,
C:\development\linkage\linkageView.cpp,CLinkageView::OnEditDeleteselected(),5,5,5,0,0,0,0,0,
C:\development\linkage\linkageView.cpp,CLinkageView::OnEraseBkgnd(CDC* pDC),2,2,2,1,0,0,0,0,
C:\development\linkage\linkageView.cpp,"CLinkageView::OnSize(UINT nType, int cx, int cy)",11,8,7,1,3,0,0,0,
C:\development\linkage\linkageView.cpp,CLinkageView::OnUpdateButtonRun(CCmdUI *pCmdUI),4,4,4,0,0,0,0,0,
C:\development\linkage\linkageView.cpp,CLinkageView::OnUpdateButtonStop(CCmdUI *pCmdUI),2,2,2,0,0,0,0,0,
C:\development\linkage\linkageView.cpp,CLinkageView::OnButtonRun(),11,11,6,2,0,0,0,0,
C:\development\linkage\linkageView.cpp,CLinkageView::StopSimulation(),2,2,2,0,0,0,0,0,
C:\development\linkage\linkageView.cpp,CLinkageView::OnButtonStop(),2,2,2,0,0,0,0,0,
C:\development\linkage\linkageView.cpp,CLinkageView::OnButtonPin(),2,2,2,0,0,0,0,0,
C:\development\linkage\linkageView.cpp,CLinkageView::OnUpdateButtonPin(CCmdUI *pCmdUI),2,2,2,0,0,0,0,0,
C:\development\linkage\linkageView.cpp,CLinkageView::GetDocumentViewCenter( void ),4,3,3,1,1,0,0,0,
C:\development\linkage\linkageView.cpp,CLinkageView::InsertPoint( CFPoint *pPoint ),7,6,6,0,1,0,0,0,
C:\development\linkage\linkageView.cpp,CLinkageView::InsertLine( CFPoint *pPoint ),7,6,6,0,1,0,0,0,
C:\development\linkage\linkageView.cpp,CLinkageView::InsertMeasurement( CFPoint *pPoint ),7,6,6,0,1,0,0,0,
C:\development\linkage\linkageView.cpp,CLinkageView::InsertGear( CFPoint *pPoint ),7,6,6,0,1,0,0,0,
C:\development\linkage\linkageView.cpp,CLinkageView::InsertConnector( CFPoint *pPoint ),7,6,6,0,1,0,0,0,
C:\development\linkage\linkageView.cpp,CLinkageView::InsertAnchor( CFPoint *pPoint ),7,6,6,0,1,0,0,0,
C:\development\linkage\linkageView.cpp,CLinkageView::InsertAnchorLink( CFPoint *pPoint ),7,6,6,0,1,0,0,0,
C:\development\linkage\linkageView.cpp,CLinkageView::InsertRotatinganchor( CFPoint *pPoint ),7,6,6,0,1,0,0,0,
C:\development\linkage\linkageView.cpp,CLinkageView::InsertLink( CFPoint *pPoint ),7,6,6,0,1,0,0,0,
C:\development\linkage\linkageView.cpp,CLinkageView::OnUpdateEditSplit(CCmdUI *pCmdUI),5,4,4,0,1,0,0,0,
C:\development\linkage\linkageView.cpp,CLinkageView::OnUpdateEditProperties(CCmdUI *pCmdUI),14,13,8,1,1,0,0,0,
C:\development\linkage\linkageView.cpp,"CLinkageView::EditProperties( CConnector *pConnector, CLink *pLink, bool bSelectedLinks )",59,57,35,10,2,0,0,0,
C:\development\linkage\linkageView.cpp,CLinkageView::OnEditProperties(),12,11,7,1,1,0,0,0,
C:\development\linkage\linkageView.cpp,"CLinkageView::OnLButtonDblClk(UINT nFlags, CPoint point)",10,8,6,1,0,0,2,13,
C:\development\linkage\linkageView.cpp,CLinkageView::OnEditJoin(),5,5,5,0,0,0,0,0,
C:\development\linkage\linkageView.cpp,CLinkageView::OnEditSelectall(),14,14,11,1,0,0,0,0,
C:\development\linkage\linkageView.cpp,CLinkageView::OnUpdateSelectall( CCmdUI *pCmdUI ),4,4,4,0,0,0,0,0,
C:\development\linkage\linkageView.cpp,CLinkageView::OnAlignHorizontal(),5,5,5,0,0,0,0,0,
C:\development\linkage\linkageView.cpp,CLinkageView::OnUpdateAlignHorizontal( CCmdUI *pCmdUI ),4,4,4,0,0,0,0,0,
C:\development\linkage\linkageView.cpp,CLinkageView::OnFlipHorizontal(),5,5,5,0,0,0,0,0,
C:\development\linkage\linkageView.cpp,CLinkageView::OnUpdateFlipHorizontal( CCmdUI *pCmdUI ),7,7,6,1,0,0,0,0,
C:\development\linkage\linkageView.cpp,CLinkageView::OnFlipVertical(),5,5,5,0,0,0,0,0,
C:\development\linkage\linkageView.cpp,CLinkageView::OnUpdateFlipVertical( CCmdUI *pCmdUI ),7,7,6,1,0,0,0,0,
C:\development\linkage\linkageView.cpp,CLinkageView::OnAlignVertical(),5,5,5,0,0,0,0,0,
C:\development\linkage\linkageView.cpp,CLinkageView::OnUpdateAlignVertical( CCmdUI *pCmdUI ),4,4,4,0,0,0,0,0,
C:\development\linkage\linkageView.cpp,CLinkageView::OnAlignLineup(),5,5,5,0,0,0,0,0,
C:\development\linkage\linkageView.cpp,CLinkageView::OnUpdateAlignLineup( CCmdUI *pCmdUI ),4,4,4,0,0,0,0,0,
C:\development\linkage\linkageView.cpp,CLinkageView::OnAlignEvenSpace(),5,5,5,0,0,0,0,0,
C:\development\linkage\linkageView.cpp,CLinkageView::OnUpdateAlignEvenSpace( CCmdUI *pCmdUI ),4,4,4,0,0,0,0,0,
C:\development\linkage\linkageView.cpp,CLinkageView::OnAlignRightAngle(),5,5,5,0,0,0,0,0,
C:\development\linkage\linkageView.cpp,CLinkageView::OnUpdateAlignRightAngle( CCmdUI *pCmdUI ),5,5,5,0,0,0,0,0,
C:\development\linkage\linkageView.cpp,CLinkageView::OnAlignSetAngle(),26,20,15,4,6,0,0,0,
C:\development\linkage\linkageView.cpp,CLinkageView::OnUpdateAlignSetAngle( CCmdUI *pCmdUI ),5,5,5,0,0,0,0,0,
C:\development\linkage\linkageView.cpp,CLinkageView::OnAddConnector(),6,5,4,1,1,0,0,0,
C:\development\linkage\linkageView.cpp,CLinkageView::OnUpdateAddConnector( CCmdUI *pCmdUI ),4,4,4,0,0,0,0,0,
C:\development\linkage\linkageView.cpp,CLinkageView::OnAlignRectangle(),5,5,5,0,0,0,0,0,
C:\development\linkage\linkageView.cpp,CLinkageView::OnUpdateAlignRectangle( CCmdUI *pCmdUI ),4,4,4,0,0,0,0,0,
C:\development\linkage\linkageView.cpp,CLinkageView::OnAlignParallelogram(),5,5,5,0,0,0,0,0,
C:\development\linkage\linkageView.cpp,CLinkageView::OnUpdateAlignParallelogram( CCmdUI *pCmdUI ),4,4,4,0,0,0,0,0,
C:\development\linkage\linkageView.cpp,CLinkageView::OnEditSplit(),5,5,5,0,0,0,0,0,
C:\development\linkage\linkageView.cpp,CLinkageView::InsertDouble( CFPoint *pPoint ),7,6,6,0,1,0,0,0,
C:\development\linkage\linkageView.cpp,CLinkageView::InsertTriple( CFPoint *pPoint ),6,6,6,0,0,0,0,0,
C:\development\linkage\linkageView.cpp,CLinkageView::InsertQuad( CFPoint *pPoint ),6,6,6,0,0,0,0,0,
C:\development\linkage\linkageView.cpp,CLinkageView::OnViewLabels(),3,3,3,0,0,0,0,0,
C:\development\linkage\linkageView.cpp,CLinkageView::OnViewAngles(),3,3,3,0,0,0,0,0,
C:\development\linkage\linkageView.cpp,CLinkageView::OnUpdateViewLabels(CCmdUI *pCmdUI),3,3,3,0,0,0,0,0,
C:\development\linkage\linkageView.cpp,CLinkageView::OnUpdateViewAngles(CCmdUI *pCmdUI),3,3,3,0,0,0,0,0,
C:\development\linkage\linkageView.cpp,CLinkageView::OnEditSnap(),2,2,2,0,0,0,0,0,
C:\development\linkage\linkageView.cpp,CLinkageView::OnUpdateEditSnap(CCmdUI *pCmdUI),3,3,3,0,0,0,0,0,
C:\development\linkage\linkageView.cpp,CLinkageView::OnEditGridSnap(),2,2,2,0,0,0,0,0,
C:\development\linkage\linkageView.cpp,CLinkageView::OnUpdateEditGridSnap(CCmdUI *pCmdUI),3,3,3,0,0,0,0,0,
C:\development\linkage\linkageView.cpp,CLinkageView::OnEditAutoJoin(),2,2,2,0,0,0,0,0,
C:\development\linkage\linkageView.cpp,CLinkageView::OnUpdateEditAutoJoin(CCmdUI *pCmdUI),3,3,3,0,0,0,0,0,
C:\development\linkage\linkageView.cpp,CLinkageView::OnViewData(),3,3,3,0,0,0,0,0,
C:\development\linkage\linkageView.cpp,CLinkageView::OnUpdateViewData(CCmdUI *pCmdUI),3,3,3,0,0,0,0,0,
C:\development\linkage\linkageView.cpp,CLinkageView::OnViewDimensions(),3,3,3,0,0,0,0,0,
C:\development\linkage\linkageView.cpp,CLinkageView::OnUpdateViewDimensions(CCmdUI *pCmdUI),3,3,3,0,0,0,0,0,
C:\development\linkage\linkageView.cpp,CLinkageView::OnViewSolidLinks(),3,3,3,0,0,0,0,0,
C:\development\linkage\linkageView.cpp,CLinkageView::OnUpdateViewSolidLinks(CCmdUI *pCmdUI),3,3,3,0,0,0,0,0,
C:\development\linkage\linkageView.cpp,CLinkageView::OnViewDrawing(),18,13,10,2,5,0,0,0,
C:\development\linkage\linkageView.cpp,CLinkageView::OnUpdateViewDrawing(CCmdUI *pCmdUI),6,5,5,0,1,0,0,0,
C:\development\linkage\linkageView.cpp,CLinkageView::OnViewMechanism(),18,13,10,2,5,0,0,0,
C:\development\linkage\linkageView.cpp,CLinkageView::OnUpdateViewMechanism(CCmdUI *pCmdUI),6,5,5,0,1,0,0,0,
C:\development\linkage\linkageView.cpp,CLinkageView::OnEditDrawing(),19,13,10,2,6,1,0,1,
C:\development\linkage\linkageView.cpp,CLinkageView::OnUpdateEditDrawing(CCmdUI *pCmdUI),6,5,5,0,1,0,0,0,
C:\development\linkage\linkageView.cpp,CLinkageView::OnEditMechanism(),19,13,10,2,6,1,0,1,
C:\development\linkage\linkageView.cpp,CLinkageView::OnUpdateEditMechanism(CCmdUI *pCmdUI),6,5,5,0,1,0,0,0,
C:\development\linkage\linkageView.cpp,CLinkageView::OnViewDebug(),3,3,3,0,0,0,0,0,
C:\development\linkage\linkageView.cpp,CLinkageView::OnViewBold(),3,3,3,0,0,0,0,0,
C:\development\linkage\linkageView.cpp,CLinkageView::OnUpdateViewAnicrop(CCmdUI *pCmdUI),3,3,3,0,0,0,0,0,
C:\development\linkage\linkageView.cpp,CLinkageView::OnViewAnicrop(),3,3,3,0,0,0,0,0,
C:\development\linkage\linkageView.cpp,CLinkageView::OnUpdateViewLargeFont(CCmdUI *pCmdUI),3,3,3,0,0,0,0,0,
C:\development\linkage\linkageView.cpp,CLinkageView::OnViewLargeFont(),5,5,5,0,0,0,0,0,
C:\development\linkage\linkageView.cpp,CLinkageView::OnUpdateViewDebug(CCmdUI *pCmdUI),3,3,3,0,0,0,0,0,
C:\development\linkage\linkageView.cpp,CLinkageView::OnUpdateViewBold(CCmdUI *pCmdUI),3,3,3,0,0,0,0,0,
C:\development\linkage\linkageView.cpp,CLinkageView::OnEditCut(),5,5,5,0,0,0,0,0,
C:\development\linkage\linkageView.cpp,CLinkageView::OnEditCopy(),4,4,4,0,0,0,0,0,
C:\development\linkage\linkageView.cpp,CLinkageView::OnEditPaste(),10,10,9,0,0,0,0,0,
C:\development\linkage\linkageView.cpp,CLinkageView::OnUpdateEditPaste(CCmdUI *pCmdUI),5,5,5,0,0,0,0,0,
C:\development\linkage\linkageView.cpp,"CLinkageView::OnRButtonDown(UINT nFlags, CPoint point)",7,7,7,0,0,0,0,0,
C:\development\linkage\linkageView.cpp,"CLinkageView::OnRButtonUp(UINT nFlags, CPoint point)",32,30,19,5,2,0,0,0,
C:\development\linkage\linkageView.cpp,"CLinkageView::OnMouseWheel(UINT nFlags, short zDelta, CPoint pt)",35,26,20,9,9,0,0,0,
C:\development\linkage\linkageView.cpp,CLinkageView::GetDefaultUnscalePoint( void ),5,4,4,1,1,0,0,0,
C:\development\linkage\linkageView.cpp,CLinkageView::OnViewUnscalein(),7,6,5,1,1,0,0,0,
C:\development\linkage\linkageView.cpp,CLinkageView::OnViewUnscaleout(),7,6,5,1,1,0,0,0,
C:\development\linkage\linkageView.cpp,"CLinkageView::GetDocumentViewArea( CFRect &Rect, CLinkageDoc *pDoc )",9,8,6,1,1,0,0,0,
C:\development\linkage\linkageView.cpp,CLinkageView::OnMenuUnscalefit(),41,27,24,2,9,0,5,56,
C:\development\linkage\linkageView.cpp,"CLinkageView::OnUpdate( CView* pSender, LPARAM lHint, CObject* pHint )",24,15,13,2,7,0,2,6,
C:\development\linkage\linkageView.cpp,CLinkageView::SetPrinterOrientation( void ),12,11,8,2,1,0,0,0,
C:\development\linkage\linkageView.cpp,CLinkageView::OnFilePrintSetup(),6,5,4,1,1,0,0,0,
C:\development\linkage\linkageView.cpp,CLinkageView::OnPrintFull(),2,2,2,0,0,0,0,0,
C:\development\linkage\linkageView.cpp,CLinkageView::OnUpdatePrintFull( CCmdUI *pCmdUI ),2,2,2,0,0,0,0,0,
C:\development\linkage\linkageView.cpp,CLinkageView::OnPreparePrinting(CPrintInfo* pInfo),11,7,7,1,4,0,0,0,
C:\development\linkage\linkageView.cpp,"CLinkageView::OnBeginPrinting(CDC* pDC, CPrintInfo* pInfo)",3,3,2,1,0,0,0,0,
C:\development\linkage\linkageView.cpp,CLinkageView::SetZoom( double Zoom ),11,11,8,2,0,0,0,0,
C:\development\linkage\linkageView.cpp,CLinkageView::SetOffset( CFPoint Offset ),7,7,6,1,0,0,0,0,
C:\development\linkage\linkageView.cpp,CLinkageView::OnSelectNext( void ),1,1,1,0,0,0,0,0,
C:\development\linkage\linkageView.cpp,CLinkageView::OnMechanismQuicksim(),46,28,22,5,15,1,3,48,
C:\development\linkage\linkageView.cpp,"CLinkageView::DebugDrawConnector( CRenderer* pDC, unsigned int OnLayers, CConnector* pConnector, bool bShowlabels, bool bUnused, bool bHighlight, bool bDrawConnectedLinks )",7,5,3,2,2,0,0,0,
C:\development\linkage\linkageView.cpp,CLinkageView::AdjustYCoordinate( double y ),2,2,2,1,0,0,0,0,
C:\development\linkage\linkageView.cpp,"CLinkageView::DrawSliderTrack( CRenderer* pRenderer, unsigned int OnLayers, CConnector* pConnector )",72,52,32,15,12,2,8,80,
C:\development\linkage\linkageView.cpp,CLinkageView::UnscaledUnits( double Count ),2,2,2,1,0,0,0,0,
C:\development\linkage\linkageView.cpp,"CLinkageView::DrawFailureMarks( CRenderer* pRenderer, unsigned int OnLayers, CFPoint Point, double Radius )",27,24,24,0,3,0,0,0,
C:\development\linkage\linkageView.cpp,"CLinkageView::DrawConnector( CRenderer* pRenderer, unsigned int OnLayers, CConnector* pConnector, bool bShowlabels, bool bUnused, bool bHighlight, bool bDrawConnectedLinks, bool bControlKnob )",256,218,147,34,24,0,14,83,
C:\development\linkage\linkageView.cpp,"CLinkageView::DebugDrawLink( CRenderer* pRenderer, unsigned int OnLayers, CLink *pLink, bool bShowlabels, bool bDrawHighlight, bool bDrawFill )",34,26,20,4,7,0,1,4,
C:\development\linkage\linkageView.cpp,"CLinkageView::DrawFasteners( CRenderer* pRenderer, unsigned int OnLayers, CElement *pElement )",64,51,37,11,10,0,3,9,
C:\development\linkage\linkageView.cpp,"CLinkageView::DrawActuator( CRenderer* pRenderer, unsigned int OnLayers, CLink *pLink, bool bDrawFill )",78,59,45,9,19,1,0,3,
C:\development\linkage\linkageView.cpp,"CLinkageView::DrawStackedConnectors( CRenderer* pRenderer, unsigned int OnLayers )",44,35,24,8,8,0,1,11,
C:\development\linkage\linkageView.cpp,"CLinkageView::DrawGroundDimensions( CRenderer* pRenderer, unsigned int OnLayers, bool bDrawLines, bool bDrawText)",149,102,73,19,25,0,22,133,
C:\development\linkage\linkageView.cpp,"CLinkageView::CreateMeasurementEndLine( CFLine &InputLine, CFPoint &MeasurementPoint, CFPoint &MeasurementLinePoint, int InputLinePointIndex, double Offset )",16,14,11,3,2,0,0,0,
C:\development\linkage\linkageView.cpp,"CLinkageView::DrawMeasurementLine( CRenderer* pRenderer, CFLine &InputLine, double Offset, bool bDrawLines, bool bDrawText )",2,2,2,0,0,0,0,0,
C:\development\linkage\linkageView.cpp,"CLinkageView::DrawMeasurementLine( CRenderer* pRenderer, CFLine &InputLine, CFPoint &FirstPoint, CFPoint &SecondPoint, double Offset, bool bDrawLines, bool bDrawText )",43,34,27,5,9,0,0,0,
C:\development\linkage\linkageView.cpp,"CLinkageView::DrawCirclesRadius( CRenderer *pRenderer, CFPoint Center, std::list<double> &RadiusList, bool bDrawLines, bool bDrawText )",87,72,56,9,15,0,0,0,
C:\development\linkage\linkageView.cpp,"CLinkageView::DrawConnectorLinkDimensions( CRenderer* pRenderer, const GearConnectionList *pGearConnections, unsigned int OnLayers, CLink *pLink, bool bDrawLines, bool bDrawText )",51,41,31,9,10,0,0,0,
C:\development\linkage\linkageView.cpp,"CLinkageView::DrawDimensions( CRenderer* pRenderer, const GearConnectionList *pGearConnections, unsigned int OnLayers, CLink *pLink, bool bDrawLines, bool bDrawText )",237,175,121,39,34,0,28,183,
C:\development\linkage\linkageView.cpp,"CLinkageView::DrawDimensions( CRenderer* pRenderer, unsigned int OnLayers, CConnector *pConnector, bool bDrawLines, bool bDrawText )",24,19,15,6,5,0,0,0,
C:\development\linkage\linkageView.cpp,"CLinkageView::DrawChain( CRenderer* pRenderer, unsigned int OnLayers, CGearConnection *pGearConnection )",31,23,18,5,8,0,0,0,
C:\development\linkage\linkageView.cpp,"CLinkageView::DrawLink( CRenderer* pRenderer, const GearConnectionList *pGearConnections, unsigned int OnLayers, CLink *pLink, bool bShowlabels, bool bDrawHighlight, bool bDrawFill )",268,212,148,32,39,2,17,134,
C:\development\linkage\linkageView.cpp,CLinkageView::OnEditMakeparallelogram(),5,5,4,1,0,0,0,0,
C:\development\linkage\linkageView.cpp,CLinkageView::OnUpdateEditMakeparallelogram(CCmdUI *pCmdUI),5,5,5,0,0,0,0,0,
C:\development\linkage\linkageView.cpp,CLinkageView::OnEditMakerighttriangle(),8,7,6,1,1,0,0,0,
C:\development\linkage\linkageView.cpp,CLinkageView::OnUpdateEditMakerighttriangle(CCmdUI *pCmdUI),5,4,4,0,0,0,1,3,
C:\development\linkage\linkageView.cpp,CLinkageView::OnUpdateEditUndo(CCmdUI *pCmdUI),4,4,4,0,0,0,0,0,
C:\development\linkage\linkageView.cpp,CLinkageView::OnEditUndo(),5,5,5,0,0,0,0,0,
C:\development\linkage\linkageView.cpp,CLinkageView::GetDocumentScrollingRect( void ),13,8,8,1,5,0,0,0,
C:\development\linkage\linkageView.cpp,CLinkageView::SetScrollExtents( bool bEnableBars ),42,32,27,1,10,0,0,0,
C:\development\linkage\linkageView.cpp,"CLinkageView::OnScroll( int WhichBar, UINT nSBCode, UINT nPos )",86,65,42,17,16,0,5,27,
C:\development\linkage\linkageView.cpp,"CLinkageView::OnVScroll( UINT nSBCode, UINT nPos, CScrollBar* pScrollBar )",2,2,2,0,0,0,0,0,
C:\development\linkage\linkageView.cpp,"CLinkageView::OnHScroll( UINT nSBCode, UINT nPos, CScrollBar* pScrollBar )",2,2,2,0,0,0,0,0,
C:\development\linkage\linkageView.cpp,CLinkageView::OnEditSlide(),7,5,5,0,2,0,0,0,
C:\development\linkage\linkageView.cpp,CLinkageView::OnUpdateEditSlide(CCmdUI *pCmdUI),5,4,4,0,1,0,0,0,
C:\development\linkage\linkageView.cpp,CLinkageView::InsertlinkSlider( CFPoint *pPoint ),6,6,6,0,0,0,0,0,
C:\development\linkage\linkageView.cpp,CLinkageView::InsertSliderCombo( CFPoint *pPoint ),27,25,6,0,2,0,0,0,
C:\development\linkage\linkageView.cpp,CLinkageView::ConnectorProperties( CConnector *pConnector ),71,63,48,10,7,0,1,12,
C:\development\linkage\linkageView.cpp,CLinkageView::PointProperties( CConnector *pConnector ),40,31,25,5,6,0,3,5,
C:\development\linkage\linkageView.cpp,CLinkageView::LinkProperties( CLink *pLink ),89,81,62,10,4,0,4,25,
C:\development\linkage\linkageView.cpp,CLinkageView::LineProperties( CLink *pLink ),65,60,41,10,4,0,1,3,
C:\development\linkage\linkageView.cpp,"CLinkageView::OnPrepareDC(CDC* pDC, CPrintInfo* pInfo)",16,15,11,2,1,0,0,0,
C:\development\linkage\linkageView.cpp,CLinkageView::ConvertToSeconds( const char *pHMSString ),16,14,12,2,2,0,0,0,
C:\development\linkage\linkageView.cpp,CLinkageView::OnFileSaveVideo(),28,22,17,4,6,0,0,0,
C:\development\linkage\linkageView.cpp,CLinkageView::OnFileSaveImage(),13,11,9,2,2,0,0,0,
C:\development\linkage\linkageView.cpp,CLinkageView::OnFileSaveDXF(),11,9,7,2,2,0,0,0,
C:\development\linkage\linkageView.cpp,CLinkageView::OnUpdateFileSaveMotion( CCmdUI *pCmdUI ),26,22,17,5,4,0,0,0,
C:\development\linkage\linkageView.cpp,CLinkageView::OnFileSaveMotion(),50,42,33,6,8,0,0,0,
C:\development\linkage\linkageView.cpp,CLinkageView::OnFilePrint(),1,1,1,0,0,0,0,0,
C:\development\linkage\linkageView.cpp,CLinkageView::OnFilePrintPreview(),3,3,3,0,0,0,0,0,
C:\development\linkage\linkageView.cpp,"CLinkageView::OnEndPrintPreview( CDC* pDC, CPrintInfo* pInfo, POINT point, CPreviewView* pView )",3,3,3,0,0,0,0,0,
C:\development\linkage\linkageView.cpp,CLinkageView::OnSimulateInteractive(),3,3,3,0,0,0,0,0,
C:\development\linkage\linkageView.cpp,CLinkageView::OnSimulatePause(),5,5,3,1,0,0,0,0,
C:\development\linkage\linkageView.cpp,CLinkageView::OnSimulateForward(),2,2,2,0,0,0,0,0,
C:\development\linkage\linkageView.cpp,CLinkageView::OnSimulateBackward(),2,2,2,0,0,0,0,0,
C:\development\linkage\linkageView.cpp,CLinkageView::OnSimulateForwardBig(),2,2,2,0,0,0,0,0,
C:\development\linkage\linkageView.cpp,CLinkageView::OnSimulateBackwardBig(),2,2,2,0,0,0,0,0,
C:\development\linkage\linkageView.cpp,CLinkageView::OnUpdateSimulatePause(CCmdUI *pCmdUI),4,4,4,0,0,0,0,0,
C:\development\linkage\linkageView.cpp,CLinkageView::OnUpdateSimulateForwardBackward(CCmdUI *pCmdUI),4,4,4,0,0,0,0,0,
C:\development\linkage\linkageView.cpp,CLinkageView::OnUpdateSimulateInteractive(CCmdUI *pCmdUI),2,2,2,0,0,0,0,0,
C:\development\linkage\linkageView.cpp,CLinkageView::OnSimulateManual(),3,3,3,0,0,0,0,0,
C:\development\linkage\linkageView.cpp,CLinkageView::OnUpdateSimulateManual(CCmdUI *pCmdUI),2,2,2,0,0,0,0,0,
C:\development\linkage\linkageView.cpp,CLinkageView::OnInsertDouble(),2,2,2,0,0,0,0,0,
C:\development\linkage\linkageView.cpp,CLinkageView::OnInsertAnchor(),2,2,2,0,0,0,0,0,
C:\development\linkage\linkageView.cpp,CLinkageView::OnInsertAnchorLink(),2,2,2,0,0,0,0,0,
C:\development\linkage\linkageView.cpp,CLinkageView::OnInsertRotatinganchor(),2,2,2,0,0,0,0,0,
C:\development\linkage\linkageView.cpp,CLinkageView::OnInsertActuator(),2,2,2,0,0,0,0,0,
C:\development\linkage\linkageView.cpp,CLinkageView::OnInsertConnector(),2,2,2,0,0,0,0,0,
C:\development\linkage\linkageView.cpp,CLinkageView::OnInsertlinkSlider(),2,2,2,0,0,0,0,0,
C:\development\linkage\linkageView.cpp,CLinkageView::OnInsertTriple(),2,2,2,0,0,0,0,0,
C:\development\linkage\linkageView.cpp,CLinkageView::OnInsertQuad(),2,2,2,0,0,0,0,0,
C:\development\linkage\linkageView.cpp,CLinkageView::OnInsertPoint(),2,2,2,0,0,0,0,0,
C:\development\linkage\linkageView.cpp,CLinkageView::OnInsertLine(),2,2,2,0,0,0,0,0,
C:\development\linkage\linkageView.cpp,CLinkageView::OnInsertMeasurement(),2,2,2,0,0,0,0,0,
C:\development\linkage\linkageView.cpp,CLinkageView::OnInsertGear(),2,2,2,0,0,0,0,0,
C:\development\linkage\linkageView.cpp,CLinkageView::OnInsertLink(),2,2,2,0,0,0,0,0,
C:\development\linkage\linkageView.cpp,CLinkageView::OnPopupGallery(),26,23,20,2,3,0,0,0,
C:\development\linkage\linkageView.cpp,CLinkageView::InsertActuator( CFPoint *pPoint ),6,6,6,0,0,0,0,0,
C:\development\linkage\linkageView.cpp,CLinkageView::OnCreate(LPCREATESTRUCT lpCreateStruct),13,9,8,3,4,0,0,0,
C:\development\linkage\linkageView.cpp,CLinkageView::OnDestroy(),6,4,4,0,2,0,0,0,
C:\development\linkage\linkageView.cpp,COleDropWndTarget::COleDropWndTarget(),1,1,1,0,0,0,0,0,
C:\development\linkage\linkageView.cpp,COleDropWndTarget::~COleDropWndTarget(),1,1,1,0,0,0,0,0,
C:\development\linkage\linkageView.cpp,"COleDropWndTarget::OnDragEnter(CWnd* pWnd, COleDataObject* pDataObject, DWORD dwKeyState, CPoint point )",3,2,2,1,0,0,1,6,
C:\development\linkage\linkageView.cpp,COleDropWndTarget::OnDragLeave(CWnd* pWnd),2,2,2,0,0,0,0,0,
C:\development\linkage\linkageView.cpp,"COleDropWndTarget::OnDragOver(CWnd* pWnd, COleDataObject* pDataObject, DWORD dwKeyState, CPoint point )",3,2,2,1,0,0,1,15,
C:\development\linkage\linkageView.cpp,"COleDropWndTarget::OnDrop(CWnd* pWnd, COleDataObject* pDataObject, DROPEFFECT dropEffect, CPoint point )",21,11,10,3,7,0,3,18,
C:\development\linkage\linkageView.cpp,"CLinkageView::OnKeyUp(UINT nChar, UINT nRepCnt, UINT nFlags)",2,2,2,0,0,0,0,0,
C:\development\linkage\linkageView.cpp,"CLinkageView::OnChar(UINT nChar, UINT nRepCnt, UINT nFlags)",19,13,7,3,1,0,5,33,
C:\development\linkage\linkageView.cpp,"CLinkageView::OnKeyDown(UINT nChar, UINT nRepCnt, UINT nFlags)",14,11,8,2,3,0,0,0,
C:\development\linkage\linkageView.cpp,CLinkageView::PreTranslateMessage(MSG* pMsg),13,12,8,5,1,0,0,0,
C:\development\linkage\linkageView.cpp,"CLinkageView::Scale( double &x, double &y )",8,8,8,0,0,0,0,0,
C:\development\linkage\linkageView.cpp,"CLinkageView::Unscale( double &x, double &y )",8,8,8,0,0,0,0,0,
C:\development\linkage\linkageView.cpp,CLinkageView::Unscale( CFPoint Point ),4,4,4,1,0,0,0,0,
C:\development\linkage\linkageView.cpp,CLinkageView::Unscale( double Distance ),2,2,2,1,0,0,0,0,
C:\development\linkage\linkageView.cpp,CLinkageView::Scale( double Distance ),2,2,2,1,0,0,0,0,
C:\development\linkage\linkageView.cpp,CLinkageView::Unscale( CFRect Rect ),6,6,6,1,0,0,0,0,
C:\development\linkage\linkageView.cpp,CLinkageView::Scale( CFRect Rect ),6,6,6,1,0,0,0,0,
C:\development\linkage\linkageView.cpp,CLinkageView::Unscale( CFArc TheArc ),5,5,5,1,0,0,0,0,
C:\development\linkage\linkageView.cpp,CLinkageView::Scale( CFArc TheArc ),5,5,5,1,0,0,0,0,
C:\development\linkage\linkageView.cpp,CLinkageView::Unscale( CFLine Line ),5,5,5,1,0,0,0,0,
C:\development\linkage\linkageView.cpp,CLinkageView::Scale( CFLine Line ),5,5,5,1,0,0,0,0,
C:\development\linkage\linkageView.cpp,CLinkageView::Scale( CFPoint Point ),3,3,3,1,0,0,0,0,
C:\development\linkage\linkageView.cpp,CLinkageView::Unscale( CFCircle Circle ),5,5,5,1,0,0,0,0,
C:\development\linkage\linkageView.cpp,CLinkageView::Scale( CFCircle Circle ),5,5,5,1,0,0,0,0,
C:\development\linkage\linkageView.cpp,CLinkageView::OnViewUnits(),24,19,14,4,5,0,0,0,
C:\development\linkage\linkageView.cpp,CLinkageView::OnUpdateViewUnits( CCmdUI *pCmdUI ),6,2,2,0,1,0,3,9,
C:\development\linkage\linkageView.cpp,CLinkageView::ShowSelectedConnectorCoordinates( void ),137,112,80,16,23,0,2,8,
C:\development\linkage\linkageView.cpp,CLinkageView::OnViewCoordinates(),43,34,24,7,9,0,0,0,
C:\development\linkage\linkageView.cpp,CLinkageView::OnUpdateViewCoordinates( CCmdUI *pCmdUI ),7,5,5,0,2,0,0,0,
C:\development\linkage\linkageView.cpp,"GetEncoderClsid(WCHAR *format, CLSID *pClsid)",20,20,14,8,0,0,0,0,
C:\development\linkage\linkageView.cpp,"CLinkageView::DisplayAsImage( CDC *pOutputDC, int xOut, int yOut, int OutWidth, int OutHeight, int RenderWidth, int RenderHeight, double ResolutionAdjustmentFactor, double MarginScale, COLORREF BackgroundColor, bool bAddBorder )",62,46,35,3,16,0,0,0,
C:\development\linkage\linkageView.cpp,"CLinkageView::SaveAsImage( const char *pFileName, int RenderWidth, int RenderHeight, double ResolutionAdjustmentFactor, double MarginScale )",72,54,45,5,18,0,0,0,
C:\development\linkage\linkageView.cpp,CLinkageView::SaveAsDXF( const char *pFileName ),29,18,18,1,11,0,0,0,
C:\development\linkage\linkageView.cpp,CLinkageView::OnSelectSample(UINT ID ),18,16,12,3,2,0,0,0,
C:\development\linkage\linkageView.cpp,CLinkageView::UpdateForDocumentChange( void ),5,5,5,0,0,0,0,0,
C:\development\linkage\LinkPropertiesDialog.cpp,CLinkPropertiesDialog::CLinkPropertiesDialog(CWnd* pParent ),2,2,2,0,0,0,0,0,
C:\development\linkage\LinkPropertiesDialog.cpp,CLinkPropertiesDialog::~CLinkPropertiesDialog(),1,1,1,0,0,0,0,0,
C:\development\linkage\LinkPropertiesDialog.cpp,CLinkPropertiesDialog::DoDataExchange(CDataExchange* pDX),67,61,49,5,6,0,0,0,
C:\development\linkage\LinkPropertiesDialog.cpp,CLinkPropertiesDialog::OnBnClickedCheck2(),5,5,5,0,0,0,0,0,
C:\development\linkage\LinkPropertiesDialog.cpp,CLinkPropertiesDialog::OnStnClickedColor(),7,7,5,1,0,0,0,0,
C:\development\linkage\MainFrm.cpp,CMainFrame::CMainFrame(),5,3,3,0,1,0,1,6,
C:\development\linkage\MainFrm.cpp,CMainFrame::~CMainFrame(),1,1,1,0,0,0,0,0,
C:\development\linkage\MainFrm.cpp,CMainFrame::OnCreate(LPCREATESTRUCT lpCreateStruct),26,16,13,5,8,1,2,21,
C:\development\linkage\MainFrm.cpp,CMainFrame::PreCreateWindow(CREATESTRUCT& cs),7,4,3,3,1,0,2,13,
C:\development\linkage\MainFrm.cpp,"AddPanel( CMFCRibbonCategory *pCategory, int NameID, HICON hIcon = (HICON)0 )",5,5,4,2,0,0,0,0,
C:\development\linkage\MainFrm.cpp,"AddRibbonButton( CMFCRibbonPanel *pPanel, int NameID, UINT CommandID, int ImageOffset = -1, enum _ButtonDisplayMode Mode = TEXT )",5,5,4,1,0,0,0,0,
C:\development\linkage\MainFrm.cpp,"AddRibbonCheckbox( CMFCRibbonPanel *pPanel, int NameID, UINT CommandID )",5,5,4,1,0,0,0,0,
C:\development\linkage\MainFrm.cpp,"AddRibbonCombobox( CMFCRibbonPanel *pPanel, int NameID, UINT CommandID, int Image )",9,9,8,2,0,0,0,0,
C:\development\linkage\MainFrm.cpp,AddPrintButton( CMFCRibbonPanel *pPanel ),14,14,14,0,0,0,0,0,
C:\development\linkage\MainFrm.cpp,AddExportButton( CMFCRibbonPanel *pPanel ),27,18,18,0,7,0,2,14,
C:\development\linkage\MainFrm.cpp,CMainFrame::CreateClipboardPanel( CMFCRibbonCategory* pCategory ),7,6,6,0,1,0,0,0,
C:\development\linkage\MainFrm.cpp,CMainFrame::CreateViewPanel( CMFCRibbonCategory* pCategory ),33,19,19,0,7,0,7,53,
C:\development\linkage\MainFrm.cpp,CMainFrame::CreateDimensionsPanel( CMFCRibbonCategory* pCategory ),16,12,10,1,4,0,0,0,
C:\development\linkage\MainFrm.cpp,CMainFrame::CreatePrintPanel( CMFCRibbonCategory* pCategory ),5,4,4,0,1,0,0,0,
C:\development\linkage\MainFrm.cpp,CMainFrame::CreateSettingsPanel( CMFCRibbonCategory* pCategory ),8,3,3,0,1,0,4,20,
C:\development\linkage\MainFrm.cpp,CMainFrame::CreatePrintOptionsPanel( CMFCRibbonCategory* pCategory ),5,4,4,0,1,0,0,0,
C:\development\linkage\MainFrm.cpp,CMainFrame::CreateInsertPanel( CMFCRibbonCategory* pCategory ),32,22,22,0,7,0,3,33,
C:\development\linkage\MainFrm.cpp,CMainFrame::CreateElementPanel( CMFCRibbonCategory* pCategory ),11,11,11,0,0,0,0,0,
C:\development\linkage\MainFrm.cpp,"CMainFrame::AppendMenuItem( CMenu &Menu, UINT StringID, UINT ID, int BitmapIndex )",4,4,4,0,0,0,0,0,
C:\development\linkage\MainFrm.cpp,"CMainFrame::AppendMenuItem( CMFCRibbonButton *pButton, UINT StringID, UINT ID, int BitmapIndex )",5,4,4,0,1,0,0,0,
C:\development\linkage\MainFrm.cpp,"CMainFrame::AppendMenuCheck( CMFCRibbonButton *pButton, UINT StringID, UINT ID )",7,5,5,0,2,0,0,0,
C:\development\linkage\MainFrm.cpp,CMainFrame::CreateAlignPanel( CMFCRibbonCategory* pCategory ),48,30,30,0,12,0,6,66,
C:\development\linkage\MainFrm.cpp,CMainFrame::CreateSimulationPanel( CMFCRibbonCategory* pCategory ),17,15,15,0,2,0,0,0,
C:\development\linkage\MainFrm.cpp,CMainFrame::CreateMainCategory( void ),54,36,33,2,16,0,2,14,
C:\development\linkage\MainFrm.cpp,CMainFrame::CreateHelpButtons( void ),18,14,14,0,2,0,2,4,
C:\development\linkage\MainFrm.cpp,"CreateCategory( CMyMFCRibbonBar *pRibbonBar, UINT StringId )",4,4,4,1,0,0,0,0,
C:\development\linkage\MainFrm.cpp,CMainFrame::CreateQuickAccessCommands( void ),9,7,7,0,2,0,0,0,
C:\development\linkage\MainFrm.cpp,CMainFrame::CreatePrintingCategory( void ),4,4,4,0,0,0,0,0,
C:\development\linkage\MainFrm.cpp,CMainFrame::CreateHomeCategory( void ),9,9,9,0,0,0,0,0,
C:\development\linkage\MainFrm.cpp,CMainFrame::InitializeRibbon(),21,11,11,0,5,0,5,33,
C:\development\linkage\MainFrm.cpp,CMainFrame::AssertValid() const,2,2,2,0,0,0,0,0,
C:\development\linkage\MainFrm.cpp,CMainFrame::Dump(CDumpContext& dc) const,2,2,2,0,0,0,0,0,
C:\development\linkage\MainFrm.cpp,CMainFrame::OnApplicationLook(UINT id),63,47,31,11,16,0,0,0,
C:\development\linkage\MainFrm.cpp,CMainFrame::OnFilePrint(),5,5,3,1,0,0,0,0,
C:\development\linkage\MainFrm.cpp,CMainFrame::OnFilePrintPreview(),5,4,2,1,0,0,1,8,
C:\development\linkage\MainFrm.cpp,CMainFrame::OnUpdateFilePrintPreview(CCmdUI* pCmdUI),2,2,2,0,0,0,0,0,
C:\development\linkage\MainFrm.cpp,CMainFrame::OnHelpUserguide(),8,7,5,2,1,0,0,0,
C:\development\linkage\MainFrm.cpp,CMainFrame::OnHelpAbout(),3,3,3,0,0,0,0,0,
C:\development\linkage\MainFrm.cpp,CMainFrame::ConfigureDocumentationMenu( CMenu *pMenu ),18,14,8,6,3,2,1,15,
C:\development\linkage\MainFrm.cpp,SetStatusText( const char *pText ),4,4,4,0,0,0,0,0,
C:\development\linkage\MainFrm.cpp,SetStatusText( UINT ResourceID),4,4,4,0,0,0,0,0,
C:\development\linkage\MainFrm.cpp,ShowPrintPreviewCategory( bool bShow ),3,3,3,0,0,0,0,0,
C:\development\linkage\MainFrm.cpp,CMainFrame::OnSelectSample(),11,8,7,1,3,0,0,0,
C:\development\linkage\MainFrm.cpp,CMainFrame::OnDropFiles(HDROP hDropInfo),2,2,2,0,0,0,0,0,
C:\development\linkage\MyDialog.cpp,"CMyDialog::CMyDialog( CWnd* pParent, unsigned int ID )",1,1,1,0,0,0,0,0,
C:\development\linkage\MyDialog.cpp,CMyDialog::~CMyDialog(),1,1,1,0,0,0,0,0,
C:\development\linkage\MyDialog.cpp,CMyDialog::OnInitDialog(),7,5,4,2,2,0,0,0,
C:\development\linkage\MyDialog.cpp,"CMyDialog::OnCtlColor(CDC* pDC, CWnd* pWnd, UINT nCtlColor)",13,11,10,3,2,0,0,0,
C:\development\linkage\MyDialog.cpp,CMyDialog::OnEraseBkgnd(CDC* pDC),18,13,13,1,5,0,0,0,
C:\development\linkage\MyDialog.cpp,"CMyDialog::DDX_MyDoubleText( CDataExchange* pDX, int nIDC, double& value, int Precision )",2,2,2,0,0,0,0,0,
C:\development\linkage\MyDialog.cpp,"CMyDialog::MyAfxSimpleFloatParse(LPCTSTR lpszText, double& d)",16,13,9,7,3,2,0,6,
C:\development\linkage\MyDialog.cpp,"CMyDialog::MyAfxTextFloatFormat(CDataExchange* pDX, int nIDC, void* pData, double value, int nSizeGcvt, int nSizeType)",29,23,15,3,3,1,3,28,
C:\development\linkage\PointDialog.cpp,CPointPropertiesDialog::CPointPropertiesDialog( CWnd* pParent ),2,2,2,0,0,0,0,0,
C:\development\linkage\PointDialog.cpp,CPointPropertiesDialog::~CPointPropertiesDialog(),1,1,1,0,0,0,0,0,
C:\development\linkage\PointDialog.cpp,CPointPropertiesDialog::DoDataExchange(CDataExchange* pDX),21,18,16,1,3,0,0,0,
C:\development\linkage\PointDialog.cpp,CPointPropertiesDialog::OnInitDialog(),4,3,3,1,1,0,0,0,
C:\development\linkage\PointDialog.cpp,"DDX_MyDoubleText( CDataExchange* pDX, int nIDC, double& value, int Precision )",2,2,2,0,0,0,0,0,
C:\development\linkage\PointDialog.cpp,"MyAfxSimpleFloatParse(LPCTSTR lpszText, double& d)",16,13,9,7,3,2,0,6,
C:\development\linkage\PointDialog.cpp,"_MyAfxTextFloatFormat(CDataExchange* pDX, int nIDC, void* pData, double value, int nSizeGcvt, int nSizeType)",29,23,15,3,3,1,3,28,
C:\development\linkage\PointDialog.cpp,CPointPropertiesDialog::OnBnClickedCheck1(),3,3,3,0,0,0,0,0,
C:\development\linkage\PointDialog.cpp,CPointPropertiesDialog::OnStnClickedColor(),7,7,5,1,0,0,0,0,
C:\development\linkage\PopupGallery.cpp,"CPopupGallery::CPopupGallery( int CommandID, int ImageStripResourceID, int ImageWidth )",35,27,24,3,8,0,0,0,
C:\development\linkage\PopupGallery.cpp,CPopupGallery::~CPopupGallery(),4,4,3,1,0,0,0,0,
C:\development\linkage\PopupGallery.cpp,CPopupGallery::GetSelection( void ),4,4,3,3,0,0,0,0,
C:\development\linkage\PopupGallery.cpp,CPopupGallery::SetColumns( int Columns ),9,7,5,2,2,0,0,0,
C:\development\linkage\PopupGallery.cpp,CPopupGallery::SetRows( int Rows ),9,7,5,2,2,0,0,0,
C:\development\linkage\PopupGallery.cpp,"CPopupGallery::SetTooltip( int Index, UINT ResourceID )",4,4,4,0,0,0,0,0,
C:\development\linkage\PopupGallery.cpp,"CPopupGallery::SetTooltip( int Index, const char *pString )",18,16,11,3,2,0,0,0,
C:\development\linkage\PopupGallery.cpp,"CPopupGalleryImplementation::GetGridSize( int &UseColumns, int &UseRows )",22,20,13,2,2,0,0,0,
C:\development\linkage\PopupGallery.cpp,"CPopupGallery::ShowGallery( CWnd *pParentWnd, int xScreen, int yScreen, bool bAddToExisting )",70,52,41,9,17,0,1,11,
C:\development\linkage\PopupGallery.cpp,CPopupGallery::HideGallery( void ),9,7,6,1,2,0,0,0,
C:\development\linkage\PopupGallery.cpp,"CPopupGalleryImplementation::GetItemRect( int Index, CRect &Rect )",20,14,13,3,6,0,0,0,
C:\development\linkage\PopupGallery.cpp,"COLORREF_TO_COLOR16( COLORREF r, TRIVERTEX &v )",1,1,1,0,0,0,0,0,
C:\development\linkage\PopupGallery.cpp,"CPopupGalleryImplementation::DrawGradient( CDC *pDC, int x1, int y1, int x2, int y2, COLORREF Start, COLORREF End, bool bVertical )",3,3,3,0,0,0,0,0,
C:\development\linkage\PopupGallery.cpp,CPopupGalleryImplementation::ComputeItemSize( void ),20,17,12,3,3,0,0,0,
C:\development\linkage\PopupGallery.cpp,"CPopupGalleryImplementation::DrawGradient( CDC *pDC, CRect &Rect, COLORREF Start, COLORREF End, bool bVertical )",16,12,12,0,4,0,0,0,
C:\development\linkage\PopupGallery.cpp,"CPopupGalleryImplementation::DrawLine( CDC *pDC, int x1, int y1, int x2, int y2, COLORREF Color )",6,6,6,0,0,0,0,0,
C:\development\linkage\PopupGallery.cpp,"CPopupGalleryImplementation::DrawLine( CDC *pDC, int x1, int y1, int x2, int y2, COLORREF Start, COLORREF End )",3,3,3,0,0,0,0,0,
C:\development\linkage\PopupGallery.cpp,"CPopupGalleryImplementation::PaintSelection( CDC *pDC, CRect Rect )",33,33,33,0,0,0,0,0,
C:\development\linkage\PopupGallery.cpp,CPopupGallery::OnPaint(),65,50,37,9,15,0,0,0,
C:\development\linkage\PopupGallery.cpp,CPopupGallery::OnKillFocus(CWnd* pNewWnd),4,3,3,0,1,0,0,0,
C:\development\linkage\PopupGallery.cpp,"CPopupGalleryImplementation::AnyButtonDown( UINT nFlags, CPoint point )",1,1,1,0,0,0,0,0,
C:\development\linkage\PopupGallery.cpp,"CPopupGalleryImplementation::AnyButtonUp( CPopupGallery *pTheWindow, UINT nFlags, CPoint point )",11,10,8,1,1,0,0,0,
C:\development\linkage\PopupGallery.cpp,CPopupGalleryImplementation::GetItemFromPoint( CPoint point ),21,15,13,5,6,0,0,0,
C:\development\linkage\PopupGallery.cpp,"CPopupGallery::OnMouseMove(UINT nFlags, CPoint point)",39,34,23,6,5,0,0,0,
C:\development\linkage\PopupGallery.cpp,CPopupGallery::OnMouseLeave(),13,11,8,2,2,0,0,0,
C:\development\linkage\PopupGallery.cpp,"CPopupGallery::OnLButtonDown(UINT nFlags, CPoint point)",5,4,3,1,1,0,0,0,
C:\development\linkage\PopupGallery.cpp,"CPopupGallery::OnLButtonUp(UINT nFlags, CPoint point)",5,4,3,1,1,0,0,0,
C:\development\linkage\PopupGallery.cpp,"CPopupGallery::OnRButtonDown(UINT nFlags, CPoint point)",5,4,3,1,1,0,0,0,
C:\development\linkage\PopupGallery.cpp,"CPopupGallery::OnRButtonUp(UINT nFlags, CPoint point)",5,4,3,1,1,0,0,0,
C:\development\linkage\PopupGallery.cpp,"CPopupGallery::OnChar(UINT nChar, UINT nRepCnt, UINT nFlags)",3,3,2,1,0,0,0,0,
C:\development\linkage\PopupGallery.cpp,"CPopupGallery::OnNcCalcSize(BOOL bCalcValidRects, NCCALCSIZE_PARAMS* lpncsp)",2,2,2,0,0,0,0,0,
C:\development\linkage\PopupGallery.cpp,CPopupGallery::OnNcPaint(),27,21,21,0,6,0,0,0,
C:\development\linkage\PopupGallery.cpp,"CPopupGallery::OnToolHitTest(CPoint point, TOOLINFO* pTI) const",38,28,19,7,4,2,6,48,
C:\development\linkage\PopupGallery.cpp,CPopupGallery::PreTranslateMessage( MSG* pMsg ),20,18,6,5,2,0,0,0,
C:\development\linkage\quickxml.cpp,QuickXMLNode::QuickXMLNode( bool bLink ),8,8,6,1,0,0,0,0,
C:\development\linkage\quickxml.cpp,QuickXMLNode::Clean( void ),12,11,8,2,0,0,1,4,
C:\development\linkage\quickxml.cpp,QuickXMLNode::~QuickXMLNode(),7,7,5,1,0,0,0,0,
C:\development\linkage\quickxml.cpp,QuickXMLNode::Parse( const char *pText ),8,7,5,4,1,0,0,0,
C:\development\linkage\quickxml.cpp,"QuickXMLNode::Parse( const char *pText, bool bExpectEndTag )",82,67,43,23,9,0,6,41,
C:\development\linkage\quickxml.cpp,QuickXMLNode::FindChildByName( const char *pName ),12,11,7,6,1,0,0,0,
C:\development\linkage\quickxml.cpp,QuickXMLNode::FindChildDataByName( const char *pName ),15,14,9,8,1,0,0,0,
C:\development\linkage\quickxml.cpp,QuickXMLNode::GetFirstChild( void ),5,4,3,3,1,0,0,0,
C:\development\linkage\quickxml.cpp,QuickXMLNode::IsLink( void ),5,4,3,3,1,0,0,0,
C:\development\linkage\quickxml.cpp,QuickXMLNode::GetText( void ),5,4,3,3,1,0,0,0,
C:\development\linkage\quickxml.cpp,QuickXMLNode::GetNextSibling( void ),5,4,3,3,1,0,0,0,
C:\development\linkage\quickxml.cpp,QuickXMLNode::GetAttribute( const char *pAttribute ),22,15,12,7,7,0,0,0,
C:\development\linkage\RecordDialog.cpp,CRecordDialog::CRecordDialog(CWnd* pParent ),2,1,1,0,1,0,0,0,
C:\development\linkage\RecordDialog.cpp,CRecordDialog::~CRecordDialog(),1,1,1,0,0,0,0,0,
C:\development\linkage\RecordDialog.cpp,CRecordDialog::DoDataExchange(CDataExchange* pDX),84,68,57,6,15,0,1,8,
C:\development\linkage\RecordDialog.cpp,CRecordDialog::OnBnClickedButton1(),15,12,10,2,3,0,0,0,
C:\development\linkage\renderer.cpp,"ExpandPolygonCornerx( CFPoint &Point, CFPoint &PreviousPoint, CFPoint &NextPoint, double Distance, CFPoint &NewPoint1, CFPoint &NewPoint2 )",29,15,15,1,8,0,6,74,
C:\development\linkage\renderer.cpp,CRenderer::~CRenderer(),4,4,3,1,0,0,0,0,
C:\development\linkage\renderer.cpp,"CRenderer::MoveTo( double x, double y )",5,4,3,3,1,0,0,0,
C:\development\linkage\renderer.cpp,"CRenderer::LineTo( double x, double y )",5,4,3,3,1,0,0,0,
C:\development\linkage\renderer.cpp,CRenderer::DrawLine( CFLine Line ),5,4,3,3,1,0,0,0,
C:\development\linkage\renderer.cpp,"CRenderer::DrawLine( CFPoint Point1, CFPoint Point2 )",5,4,3,3,1,0,0,0,
C:\development\linkage\renderer.cpp,"CRenderer::TextOut( double x, double y, const CString& str )",5,4,3,3,1,0,0,0,
C:\development\linkage\renderer.cpp,CRenderer::Circle( CFCircle &Circle ),5,4,3,3,1,0,0,0,
C:\development\linkage\renderer.cpp,CRenderer::Arc( CFArc &TheArc ),5,4,3,3,1,0,0,0,
C:\development\linkage\renderer.cpp,"CRenderer::Arc( double x1, double y1, double x2, double y2, double x3, double y3, double x4, double y4, bool bDrawTo )",5,4,3,3,1,0,0,0,
C:\development\linkage\renderer.cpp,"CRenderer::Arc( double x, double y, double r, double x3, double y3, double x4, double y4, bool bDrawTo )",5,4,3,3,1,0,0,0,
C:\development\linkage\renderer.cpp,"CRenderer::Pie( double x, double y, double r, double x3, double y3, double x4, double y4, bool bDrawTo )",5,4,3,3,1,0,0,0,
C:\development\linkage\renderer.cpp,"CRenderer::DrawRect( double RotationAngle, double x1, double y1, double x2, double y2 )",5,4,3,3,1,0,0,0,
C:\development\linkage\renderer.cpp,"CRenderer::DrawRect( double x1, double y1, double x2, double y2 )",5,4,3,3,1,0,0,0,
C:\development\linkage\renderer.cpp,CRenderer::DrawRect( const CFRect &Rect ),5,4,3,3,1,0,0,0,
C:\development\linkage\renderer.cpp,"CRenderer::FillRect( CFRect* pRect, CBrush* pBrush )",5,4,3,2,1,0,0,0,
C:\development\linkage\renderer.cpp,"CRenderer::SetPixel( double x, double y, COLORREF crColor )",5,4,3,3,1,0,0,0,
C:\development\linkage\renderer.cpp,"CRenderer::LinkageDrawExpandedPolygon( CFPoint *pPoints, int PointCount, COLORREF Color, bool bFill, double ExpansionDistance )",5,4,3,1,1,0,0,0,
C:\development\linkage\renderer.cpp,CRenderer::SelectObject( CPen* pPen ),5,4,3,3,1,0,0,0,
C:\development\linkage\renderer.cpp,"CRenderer::SelectObject( CFont* pFont, double FontHeight )",5,4,3,3,1,0,0,0,
C:\development\linkage\renderer.cpp,CRenderer::SelectObject( CBitmap* pBitmap ),5,4,3,3,1,0,0,0,
C:\development\linkage\renderer.cpp,CRenderer::SelectObject( CRgn* pRgn ),5,4,3,3,1,0,0,0,
C:\development\linkage\renderer.cpp,CRenderer::SelectObject( CBrush *pBrush ),5,4,3,3,1,0,0,0,
C:\development\linkage\renderer.cpp,"CRenderer::GetTextExtent( const char *pString, int Count )",5,4,3,3,1,0,0,0,
C:\development\linkage\renderer.cpp,CRenderer::GetPenSize( int UnscaledSize ),5,4,3,3,1,0,0,0,
C:\development\linkage\renderer.cpp,"CRenderer::DrawArrow( CFPoint FromPoint, CFPoint ToPoint, double Width, double Length )",5,4,3,3,1,0,0,0,
C:\development\linkage\renderer.cpp,CRenderer::IsPrinting( void ),5,4,3,3,1,0,0,0,
C:\development\linkage\renderer.cpp,CRenderer::SetOffset( CFPoint &Offset ),5,4,3,1,1,0,0,0,
C:\development\linkage\renderer.cpp,"CRenderer::SetOffset( double dx, double dy )",6,5,4,1,1,0,0,0,
C:\development\linkage\renderer.cpp,CRenderer::SetScale( double Scale ),5,4,3,1,1,0,0,0,
C:\development\linkage\renderer.cpp,CRenderer::GetScale( void ),5,4,3,3,1,0,0,0,
C:\development\linkage\renderer.cpp,CRenderer::GetOffset( void ),5,4,3,3,1,0,0,0,
C:\development\linkage\renderer.cpp,CRenderer::GetDC( void ),5,4,3,3,1,0,0,0,
C:\development\linkage\renderer.cpp,"CRenderer::PatBlt( int x, int y, int nWidth, int nHeight, DWORD dwRop )",5,4,3,3,1,0,0,0,
C:\development\linkage\renderer.cpp,"CRenderer::CreateCompatibleDC( CDC *pDC, CRect *pRect )",5,4,3,3,1,0,0,0,
C:\development\linkage\renderer.cpp,CRenderer::SetAttribDC( HDC hDeviceContext ),5,4,3,1,1,0,0,0,
C:\development\linkage\renderer.cpp,CRenderer::Attach( HDC hDeviceContext ),5,4,3,1,1,0,0,0,
C:\development\linkage\renderer.cpp,CRenderer::Detach( void ),5,4,3,1,1,0,0,0,
C:\development\linkage\renderer.cpp,CRenderer::SetTextAlign( unsigned int nFlags ),5,4,3,3,1,0,0,0,
C:\development\linkage\renderer.cpp,CRenderer::SelectStockObject( int nIndex ),5,4,3,3,1,0,0,0,
C:\development\linkage\renderer.cpp,CRenderer::SetTextColor( COLORREF crColor ),5,4,3,3,1,0,0,0,
C:\development\linkage\renderer.cpp,CRenderer::GetTextColor( void ),5,4,3,3,1,0,0,0,
C:\development\linkage\renderer.cpp,CRenderer::SetBkMode( int nBkMode ),5,4,3,3,1,0,0,0,
C:\development\linkage\renderer.cpp,CRenderer::SetBkColor( COLORREF crColor ),5,4,3,3,1,0,0,0,
C:\development\linkage\renderer.cpp,CRenderer::GetSafeHdc( void ),5,4,3,3,1,0,0,0,
C:\development\linkage\renderer.cpp,CRenderer::GetColorCount( void ),5,4,3,3,1,0,0,0,
C:\development\linkage\renderer.cpp,CRenderer::SaveDXF( const char *pFileName ),5,4,3,1,1,0,0,0,
C:\development\linkage\renderer.cpp,CRenderer::GetYOrientation( void ),5,4,3,3,1,0,0,0,
C:\development\linkage\renderer.cpp,WriteToDXF( void ),130,79,80,0,18,10,33,206,
C:\development\linkage\renderer.cpp,CRenderer::CRenderer( enum _RenderDestination RendererDestination ),21,20,13,6,1,0,0,0,
C:\development\linkage\SampleGallery.cpp,CSampleGallery::CSampleGallery(void),1,1,1,0,0,0,0,0,
C:\development\linkage\SampleGallery.cpp,CSampleGallery::~CSampleGallery(void),1,1,1,0,0,0,0,0,
C:\development\linkage\SampleGallery.cpp,CSampleGallery::GetCount( void ),2,2,2,1,0,0,0,0,
C:\development\linkage\SampleGallery.cpp,CSampleGallery::GetCommandID( int Index ),4,4,3,3,0,0,0,0,
C:\development\linkage\SampleGallery.cpp,CSampleGallery::GetStringID( int Index ),4,4,3,3,0,0,0,0,
C:\development\linkage\SampleGallery.cpp,CSampleGallery::GetXMLData( int Index ),4,4,3,3,0,0,0,0,
C:\development\linkage\TestDialog.cpp,CTestDialog::CTestDialog(CWnd* pParent ),2,1,1,0,1,0,0,0,
C:\development\linkage\TestDialog.cpp,CTestDialog::~CTestDialog(),1,1,1,0,0,0,0,0,
C:\development\linkage\TestDialog.cpp,CTestDialog::DoDataExchange(CDataExchange* pDX),2,2,2,0,0,0,0,0,
C:\development\linkage\TestDialog.cpp,CTestDialog::OnInitDialog(),6,4,4,1,2,0,0,0,
C:\development\linkage\bitarray.h,ByteLength( int Bits ),1,1,1,0,0,0,0,0,
C:\development\linkage\geometry.h,"swap( double& a, double& b )",4,4,4,0,0,0,0,0,
C:\development\linkage\geometry.h,fsqrt(double y),14,12,12,1,1,3,1,17,
C:\development\linkage\geometry.h,"Distance( CFPoint Point1, CFPoint Point2 )",1,1,1,0,0,0,0,0,
C:\development\linkage\geometry.h,"GetAngle( CFPoint Point1, CFPoint Point2 )",5,5,4,2,0,0,0,0,
C:\development\linkage\geometry.h,"setprecision(double x, int prec)",2,2,2,1,0,0,0,0,
C:\development\linkage\geometry.h,"GetAngle( CFPoint CenterPoint, CFPoint Point1, CFPoint Point2 )",12,10,8,3,0,2,2,18,
C:\development\linkage\geometry.h,"GetAngle( CFPoint Point1, CFPoint Point2, CFPoint Point3, CFPoint Point4 )",11,9,7,3,0,2,2,18,
C:\development\linkage\linkageView.h,CLinkageView::GetDocument(),1,1,1,0,0,0,0,0,
C:\development\linkage\stdint.h,main(),46,42,28,10,4,0,0,0,
