Word,Count
the,829
*,565
to,350
is,239
of,218
and,194
a,192
that,167
,164
for,162
this,140
);,123
be,122
are,111
in,105
not,104
The,100
link,94
it,87
),87
=,85
on,79
connector,74
if,63
will,57
or,57
0,55
connectors,54
other,52
one,51
with,49
new,48
if(,48
from,47
have,46
line,46
only,46
file,45
:,45
at,43
an,42
all,42
as,42
This,41
/,40
can,39
but,39
we,39
point,38
///////////////////////////////////////////////////////////////////////////,37
==,36
so,35
fixed,35
slider,34
return,33
by,32
code,31
any,31
two,29
has,29
points,29
get,27
common,27
used,27
Link,27
dialog,26
when,26
sliders,26
Check,26
selected,25
using,25
current,24
If,24
standard,24
there,24
{,24
location,23
},23
then,23
because,23
some,23
move,22
use,22
position,22
slide,22
your,22
no,22
value,22
limits,21
than,20
distance,20
make,20
support,20
which,19
angle,19
here,19
same,19
Draw,19
before,19
set,19
type,19
end,19
!=,18
more,18
function,18
just,18
sliding,18
you,18
-,17
message,17
after,17
may,17
Find,17
implementation,17
document,17
up,17
needed,17
MFC,16
about,16
arc,16
they,16
sure,16
time,16
list,16
Microsoft,16
them,16
do,15
size,15
been,15
Get,15
rotate,15
<,15
||,15
A,15
It,15
connected,15
\),\,15
properly,14
data,14
arrow,14
out,14
drawing,14
moved,14
\"\true"\\,14
single,14
\"\this"\\,14
class,14
handlers,14
values,14
draw,14
Angle,13
start,13
include,13
might,13
must,13
would,13
bit,13
double,13
window,13
things,13
\"\false"\,\,13
Dialog,13
intersection,13
extension,13
should,13
close,13
these,13
defined,13
button,13
Windows,13
C++,13
their,12
RotationAngle,12
else,12
being,12
Data,12
based,12
between,12
what,12
following,12
Links,12
links,12
text,12
compiler,12
bitmap,12
There,12
DDX/DDV,12
PenColor,12
don't,12
Position,12
number,11
0;,11
void,11
where,11
control,11
changed,11
video,11
rotation,11
now,11
orientation,11
scale,11
stdint.h,11
constructor,11
since,11
through,11
=NULL,11
measurement,11
area,10
needs,10
head,10
pen,10
generated,10
In,10
case,10
THE,10
information,10
1,10
its,10
////////////////////////////////////////////////////////////////////,10
input,10
x,10
required,10
see,10
first,10
available,10
work,10
menu,10
lines,10
integer,10
---------------------------------------------------------------------,10
proper,10
section,10
something,10
platform,10
scaling,10
non-solid,9
into,9
path,9
different,9
y,9
source,9
Scale(,9
Visual,9
\0,\,9
original,9
CFPoint();,9
user,9
also,9
look,9
C,9
without,9
display,9
Fluent,9
better,9
temp,9
need,9
PenWidth,9
Only,9
Create,9
DXF,9
+,9
pens,9
All,8
both,8
clicking,8
functions,8
above,8
created,8
definitions,8
simulation,8
error,8
segment,8
adjust,8
Make,8
rotated,8
appropriate,8
along,8
ClassWizard,8
gear,8
minimum,8
already,8
way,8
change,8
>,8
allow,8
was,8
could,8
AddRibbonCheckbox(,8
movie,8
OF,8
locations,8
causes,8
2,8
table,8
Without,8
nothing,7
image,7
another,7
Codec,7
C99,7
\this,\,7
handle,7
pixel,7
version,7
mechanism,7
does,7
We,7
command,7
item,7
Implementation,7
very,7
Other,7
ID,7
off,7
cannot,7
can't,7
create,7
each,7
virtual,7
find,7
platforms,7
next,7
screen,7
int,7
Function,7
hull,7
</Summary>,7
those,7
OR,7
screwed,7
Point,7
lowest,7
Remove,7
zoom,7
order,7
height,7
application,7
color,7
it's,7
add,7
specified,7
right,7
software,7
NOT,7
header,7
trying,7
interface,6
rounding,6
back,6
IS,6
UI,6
avoid,6
always,6
files,6
default,6
name,6
makes,6
CLinkageView,6
circle,6
too,6
provided,6
pConnector,6
m_pGDIPlusGraphics,6
\(int)x,\,6
macros,6
meet,6
bits,6
drawn,6
exact,6
step,6
target,6
snap,6
Test,6
pixels,6
AND,6
pPen,6
length,6
pLink,6
many,6
These,6
&&,6
BE,6
(int)y,6
previous,6
actuator,6
possible,6
added,6
still,6
know,6
types,6
pCommonConnector,6
open,6
Copy,6
CMainFrame,6
anything,6
element,6
comparison,6
useful,6
CLinkPropertiesDialog,6
THIS,6
count,6
done,6
CLinkageDoc,6
Change,6
page,6
delete,6
keep,6
elements,6
Rotate,6
like,5
codec,5
To,5
Don't,5
output,5
Points,5
our,5
connect,5
sort,5
odd,5
Overrides,5
addition,5
afx_msg,5
radians,5
maximum,5
show,5
moment,5
larger,5
direction,5
included,5
\(int)Rect.top,\,5
Counter,5
additional,5
shortly,5
(const,5
center,5
Code,5
state,5
64,5
twice,5
Case,5
expected,5
//,5
GDI,5
cursor,5
pDC->DrawIcon(,5
Generated,5
sizes,5
system,5
FALSE,5
Do,5
offset,5
Use,5
icon,5
loop,5
settings,5
overrides,5
below,5
located,5
Add,5
|,5
part,5
\yet,\,5
remove,5
ever,5
continue;,5
CLinkageApp,5
(,5
side,5
gears,5
yet,5
string,5
otherwise,5
ignore,5
documentation,5
CDC,5
never,5
while,5
Convert,5
ANY,5
true,5
memory,5
\(int)Rect.left,\,5
width,5
connection,5
immediately,5
individual,5
defining,5
until,5
ANSI,5
P,5
limit,5
Returns,5
actual,5
later,5
positive,5
correct,5
resources,5
rectange,4
\location,\,4
steps,4
real,4
problem,4
(the,4
process,4
format,4
\5,\,4
.1,4
bar,4
extra,4
CConnector*,4
us,4
pOtherToRotate,4
serialization,4
Move,4
#include,4
LINK,4
\menu,\,4
child,4
EDIT,4
valid,4
reserved,4
really,4
ON,4
my,4
definition,4
CString,4
conditions,4
Copyright,4
pOtherLink,4
long,4
returned,4
versions,4
top,4
sooner,4
Frames,4
\pPanelView,\,4
CFLine,4
dimensions,4
AddRibbonButton(,4
\link,\,4
Specifies,4
But,4
classes,4
frame,4
D2D1::Point2F(,4
checking,4
fabs(,4
LARGE,4
pass,4
pRenderer->MoveTo(,4
tiny,4
large,4
Angle1,4
base,4
increment,4
initialization,4
CConnectorPropertiesDialog,4
Collapse,4
give,4
match,4
systems,4
32,4
*=,4
wrong,4
Sine,4
NOTE,4
Figure,4
blocks,4
except,4
isn't,4
Line,4
appears,4
}}AFX_VIRTUAL,4
false;,4
second,4
having,4
how,4
CSize(,4
y1,4
Return,4
CTestDialog,4
running,4
want,4
specifier,4
CASE:,4
polygon,4
Distance,4
masks,4
hit,4
doesn't,4
supports,4
slides,4
copy,4
pLimit2,4
pRenderer->LineTo(,4
CMFCRibbonCategory*,4
pCommonConnector->GetPoint(),4
}}AFX_MSG,4
while(,4
SHOULD,4
CAD,4
outside,4
cause,4
}}AFX_MSG_MAP,4
once,4
Note,4
x1,4
stuff,4
(u)intptr_t,4
reason,4
scaled,4
unless,4
Now,4
CPoint,4
No,4
_MSC_VER,4
+=,4
Angle2,4
read,4
See,4
related,4
ribbon,4
SPECIAL,4
specifies,4
&,4
pointer,4
\pPaneSettings,\,4
much,4
rights,4
even,4
For,4
1.0,4
per,4
fail,4
buffer,4
ignored,4
zero,4
integers,4
Skip,4
MoveTo(,4
necessary,4
COLORREF,4
CRenderer,4
\pMainPanel,\,4
DO,4
last,4
1000,4
made,4
Cosine,4
check,4
installed,3
easier,3
TODO:,3
looks,3
map,3
Index,3
shuold,3
\pFixedConnection,\,3
electronic,3
270,3
TempString.Format(,3
Corporation,3
\(int)Line.GetEnd().x,\,3
anchor,3
machine,3
90,3
gives,3
180,3
Offset,3
saved,3
small,3
well,3
CPointPropertiesDialog,3
TEXTINCLUDE,3
features,3
Some,3
\copy,\,3
earlier,3
CGearRatioDialog,3
Begin,3
licensing,3
Operations,3
CImageSelectDialog,3
-------------------,3
whether,3
big,3
DebugItemList.AddTail(,3
performance,3
entire,3
tag,3
visit,3
Samples,3
LinkPropertiesDialog.cpp,3
pLimit1,3
FOR,3
%,3
compilers,3
Start,3
\1,\,3
\16,\,3
visual,3
96,3
fake,3
Interface,3
kludge,3
\Also,\,3
construction/destruction,3
Arc,3
Reference,3
Detect,3
motion,3
accelerators,3
either,3
-------------------------,3
please,3
\(int)Line.GetStart().x,\,3
terminated,3
CPen*,3
hr,3
inline,3
GetBValue(,3
variables,3
IT,3
\"\\,3
Darken,3
RPM,3
DrawLine(,3
CDebugItem(,3
momentum,3
const,3
under,3
Save,3
learn,3
place,3
most,3
Radius,3
I,3
BUT,3
radius,3
CLinePropertiesDialog,3
convert,3
joined,3
COLORS_COUNT];,3
gcc,3
pPen->GetLogPen(,3
around,3
go,3
Line(,3
r,3
return;,3
had,3
Gdiplus::Pen,3
limiting,3
test,3
http://msdn.microsoft.com/officeui,3
APSTUDIO_INVOKED,3
operation,3
specific,3
\program,\,3
view,3
longer,3
coordinates,3
\CurrentPoint.y,\,3
selection,3
3,3
main,3
&LogPen,3
basis,3
separately,3
(Gdiplus::REAL)0.2;,3
adjustment,3
insert,3
\CurrentPoint.x,\,3
resource,3
Frame,3
Set,3
actually,3
IN,3
margin,3
TheColor(,3
{{AFX_INSERT_LOCATION}},3
enough,3
CAngleDialog,3
Result,3
negative,3
segments,3
GetGValue(,3
sorted,3
Text,3
\UI"\)\,3
LogPen;,3
------------------------------------------,3
distribute,3
DIMSTYLE,3
GetCurrentPosition();,3
selecting,3
beginning,3
stretch,3
<Summary>,3
context,3
operations,3
library,3
split,3
GetRValue(,3
Sort,3
\connectors,\,3
material,3
design,3
LogPen.lopnColor;,3
CControlWindow,3
(C),3
Not,3
\header,\,3
0.0,3
Internet,3
HEADER,3
DC,3
means,3
ON),3
16,3
within,3
demonstrates,3
ThePen(,3
m_pGDIPlusGraphics->DrawLine(,3
\pCategory,\,3
smaller,3
pCheckConnector,3
fastened,3
\255,\,3
(int)Line.GetEnd().y,3
portable,3
originally,3
Office,3
Foundation,3
worry,3
Using,3
User,3
font,3
betwen,3
setting,3
CurrentPoint,3
CHANGE,3
TO,3
--,3
marked,3
Classes,3
member,3
dropped,3
Line.GetStart(),3
Its,3
track,3
Per,3
given,3
CExportImageSettingsDialog,3
#ifdef,3
CODE,3
bool,3
special,3
ALWAYS,3
diagonal,3
issues,3
Section,3
for(,3
\TheColor,\,3
including,3
bug,3
changing,3
_DEBUG,3
\&ThePen,\,3
UsualAppend,3
POSITION,3
lets,3
movement,3
ID's,3
least,3
m_pDXFFile,3
existing,3
diagnostics,3
happens,3
s,3
\"\Fluent\,3
Explorer,3
detect,3
Because,3
bitmaps,3
preferences,3
works,3
License,3
CFPoint,3
-1,3
action,3
rendering,3
\case,\,3
device,3
NO,3
Gdiplus::REAL,3
EOL,3
ensure,3
terms,3
null,3
requires,3
occur,3
Default,3
Standard,3
object,3
Read,3
throw,3
LOGPEN,3
Gdiplus::Color,3
printing,3
****************************************************************************,3
instead,3
left,3
\(int)Line.GetStart().y,\,3
MUST,3
referential,3
Gdiplus::Status,3
hits,3
declarations,3
GetCurrentPen();,3
powers,3
THERE,3
(Gdiplus::REAL)LogPen.lopnWidth.x;,3
supplement,3
SO,3
personal,2
m_Connectors.GetNext(,2
*pCmdUI);,2
HBITMAP,2
States),2
\points,\,2
IMPLIED,2
One,2
global,2
ID_VIEW_ANICROP,2
\IDS_RIBBON_SAVEVIDEO,\,2
caller,2
F,2
extents,2
m_TempPoint.x,2
SORTED,2
onto,2
gets,2
_stprintf(),2
Video,2
info,2
Takes,2
prior,2
guess,2
Must,2
\char*)FastenId,\,2
m_SimulationStep,2
line(s),2
\37,\,2
picked,2
pConnector->IsInput(),2
\name=\"\%s\"\\,2
(which,2
alter,2
body,2
Redistributions,2
complete,2
complains;,2
Count,2
Just,2
Vista,2
final,2
Callers,2
and/or,2
\codec,\,2
LIMITED,2
shouldn't,2
commands,2
perp,2
FORCE,2
separate,2
extensions,2
strTemp;,2
-----------------------------,2
little,2
\"\f"\\,2
includes,2
mesh,2
curved,2
break,2
====================================================,2
fastening,2
parse,2
CPen,2
mode,2
clipboard,2
Point.x;,2
---------------------------------------,2
connections,2
pLink->GetFastenedTo(),2
0.5f,2
did,2
100%,2
Extension,2
\m_wndRibbonBar.AddCategory(strTemp,\,2
PRINTF_INT64_MODIFIER,2
10,2
FastenId.Format(,2
Values[Counter],2
B,2
numbers,2
Any,2
own,2
stretching,2
\id=\"\%d\"\\,2
compressor,2
Standard:,2
whose,2
tend,2
Cheat,2
quality,2
according,2
disclaimer,2
placed,2
variable,2
srolled,2
recording,2
Either,2
observing,2
nose,2
levels,2
warning,2
360,2
pBrush,2
reduce,2
fit,2
deliver,2
allows,2
exist,2
compression,2
pConnector->IsSelected(),2
6,2
------------------------------------,2
\width,\,2
INT_MAX,2
thing,2
100,2
BOOL,2
Used,2
SetModifiedFlag(,2
Select,2
drop,2
Modify,2
symbols,2
strongly,2
Inserts,2
guaranteed,2
units,2
sets,2
adjustments,2
FIXED,2
file:,2
account,2
Done,2
CColorCursor,2
Whatever,2
public,2
_Bool,2
Double,2
flank,2
ENTITIES,2
++Counter,2
Author,2
pDoc->GetEditLayers();,2
\300,\,2
difference,2
templates,2
E,2
purpose,2
App,2
pull,2
happen,2
360.0;,2
creation,2
Fourcc,2
strTemp.LoadString(,2
\notice,\,2
m_Connectors.GetHeadPosition();,2
corner,2
access,2
especially,2
clockwise,2
etc..,2
moving,2
characters,2
y2,2
extended,2
AfxMessageBox(,2
\ID_FILE_SAVEVIDEO,\,2
Lines,2
vendors,2
================================================================,2
compatibility,2
hIcon,2
doing,2
cycle,2
space,2
STYLE,2
\"\track"\\,2
predict,2
pointers,2
anti-aliased,2
items,2
limited,2
assigned,2
etc,2
\color=\"\%d\"\>"\,\,2
signed,2
subtracting,2
LinkageView.cpp,2
PTRDIFF_MAX,2
Is,2
put,2
Place,2
as-is,2
cover,2
sin(,2
styles,2
defined:,2
/////////////////////////////////////////////////////////////////////////////////,2
leader,2
options,2
Jiju,2
Pointer;,2
relative,2
FastenId;,2
shell,2
multiple,2
got,2
*pLink,2
Loop,2
Neither,2
ID_VIEW_ANGLES,2
First,2
anywhere,2
amount,2
system's,2
AddRibbonSampleGallery(,2
\ID_FILE_SAVEIMAGE,\,2
mouse,2
contain,2
Load,2
simple,2
\10,\,2
2s,2
future,2
PRINTF_INTPTR_MODIFIER,2
ID_VIEW_DIMENSIONS,2
\50,\,2
degrees,2
feature,2
(FPS),2
take,2
Dimension,2
\platform,\,2
Circle,2
PixelRect,2
beyond,2
Attributes,2
few,2
simulating,2
shows,2
hope,2
handles,2
rectangle,2
figured,2
throws,2
found,2
absolute,2
AUTHOR,2
determining,2
HULL,2
(eqn,2
CNullableColor_variable,2
box,2
care,2
Intel,2
components,2
generic,2
2),2
TABLES,2
layer,2
alignment,2
were,2
AB,2
highlight,2
BY,2
making,2
After,2
lists,2
considered,2
FourCC,2
\movement,\,2
On,2
Strings,2
math,2
RPMDialog.cpp,2
Arrow,2
Need,2
\"\measurementelement=\"\%s\"\\,2
store,2
Error,2
Always,2
\example,\,2
T,2
reverse,2
conectors,2
\"\"\\,2
over,2
\degrees,\,2
members,2
triangle,2
Open,2
good,2
2=Usual,2
promote,2
click,2
0=Dummy,2
m_TempPoint.y,2
enable,2
attempt,2
tests,2
Dialog.m_bIsGear,2
\layer=\"\%d\"\\,2
\IDB_FILESMALL,\,2
pConnector->GetFastenedTo(),2
ISO,2
complement,2
\file,\,2
\"\g"\\,2
\IDS_RIBBON_DIMENSIONS,\,2
\a,b,c\,2
George,2
connects,2
help,2
));,2
Version,2
\IDS_RIBBON_LABELS,\,2
cx,2
(Bx-Ax)(Dy-Cy)-(By-Ay)(Dx-Cx),2
binary,2
meets,2
run,2
CASE,2
Icon,2
360;,2
OLE,2
allowed,2
testing,2
capable,2
POLYGON,2
lined,2
x2,2
CLink,2
parent,2
Center,2
deleted,2
\piecemeal,\,2
Adjust,2
three,2
precisely,2
Enable,2
minute,2
result,2
>=,2
SDI,2
precise,2
RemoveGearRatio(,2
non-zero,2
dimension,2
(NeST),2
_inline,2
style,2
perpendicular,2
frames,2
several,2
\IDS_RIBBON_SAVEIMAGE,\,2
John,2
\selected=\"\%s\"\\,2
method,2
Second,2
changes,2
Document,2
Common,2
coordinate,2
\IDS_RIBBON_ANGLES,\,2
Got,2
vertical,2
Redraw,2
Linkage.cpp,2
false,2
passes,2
entry,2
Line.GetEnd(),2
closest,2
Scale,2
Studio,2
m_pDC->FillRgn(,2
footer,2
\"\%d"\,\,2
tesing,2
1=FirstTime,2
print,2
ID_VIEW_LABELS,2
\TO,\,2
overridden,2
curve,2
images,2
\alwaysmanual=\"\%s\"\\,2
anchors,2
)..,2
pRenderTarget->DrawLine(,2
CLinkageDoc::ALLLAYERS,2
divisor,2
geometry,2
copyright,2
CFPoint(,2
\fasten=\"\%s\"\\,2
VC8,2
Try,2
windows,2
It's,2
test:,2
\IDB_FILELARGE,\,2
generate,2
1),2
objects,2
XOR,2
processing,2
buttons,2
\LIABILITY,\,2
rightmost,2
terminate,2
\standard,\,2
Boolean,2
Measurement,2
panel,2
\IDS_RIBBON_VIEW_ANICROP,\,2
likely,2
me,2
xvid,2
DIRECTION,2
\"\standard"\\,2
Unlock,2
scroll,2
TODO,2
(United,2
heads,2
criteria,2
level,2
Controls,2
exception,2
option,2
hexadecimal,2
come,2
automatically,2
1st,2
Colors[pLink->GetIdentifier(),2
English,2
DPI,2
adjusted,2
\connector,\,2
INT64_MAX,2
Sine;,2
pConnector->IsAnchor(),2
committee,2
elem,2
Cosine;,2
Point2.x,2
round,2
cos(,2
codecs,2
LAYER,2
LTYPE,2
simulations,2
sorting,2
horizontal,2
safe,2
Finds,2
pre-compiled,2
indexes,2
\32,\,2
presence,2
-y,2
\-1,0,+1\,2
try,2
times,2
form,2
\so,\,2
desired,2
Point1.x,2
CAboutDialog,2
Point.y;,2
caused,2
mapping,2
slid,2
\pTempBrush,\,2
CDXFFile;,1
\commands,\,1
poly-bezier,1
Anchor-to-anchor,1
constructors,1
\INDIRECT,\,1
among,1
“/2”,1
SOFTWARE,1
positioned,1
going,1
mechanisms,1
pSelectedLink->SetAlwaysManual(,1
char,1
DRAWING,1
DummyFunction,1
98,1
assume,1
Dispatch,1
pLink->IsAlwaysManual(),1
allocate,1
m_DrawingRect.Height();,1
Objects,1
\EXEMPLARY,\,1
NewPoint1.y,1
AutoCAD,1
CFRect,1
ones,1
\maybe,\,1
\x=\"\%lf\"\\,1
\m_ViewLayers,\,1
\ID_SAMPLE_SIMPLE,\,1
retain,1
case:,1
p2,1
5.2.5,1
pCheckConnector->IsAlone(),1
HICON,1
finally,1
\char*)pLink->GetName(),\,1
pRenderTarget->SetTransform(D2D1::Matrix3x2F::Identity());,1
\addition,\,1
strTemp.LoadString(IDS_RIBBON_CONFIG);,1
GearPen(,1
currently,1
compare,1
INI,1
Construction,1
pOldPen,1
G,1
problems,1
Linkage.pch,1
ExistingConnector.m_Links.GetNext(,1
\committee,\,1
Connectors;,1
VALID,1
pLink->IsSelected(),1
limits.h,1
\DXGI_FORMAT_B8G8R8A8_UNORM,\,1
\/RegServer,\,1
unable,1
Gears,1
huge,1
structure,1
TempLine.SetDistance(,1
PRINTF_INT8_HEX_WIDTH,1
unit,1
\pRenderTarget->CreateSolidColorBrush(D2D1::ColorF(D2D1::ColorF::Black),\,1
PROPERLY,1
dwCodec,1
pFastenedTo->IsGear(),1
write,1
\(VC7),\,1
Entities,1
is:,1
(1.5*x),1
dealing,1
1/sqrt(y),1
\(u)intmax_t,\,1
join,1
\lpRect,\,1
TOOLINFO,1
malfunction,1
non-reserved,1
PRINTF_INT32_HEX_WIDTH,1
drive,1
processed,1
Asked,1
Point1;,1
\body,\,1
tryimg,1
PRINTF_INT*_MODIFIER,1
\Tufts,\,1
strName.LoadString(IDS_OUTLOOKBAR);,1
\frequently,\,1
{{AFX_DATA(CAboutDlg),1
OnUpdateEditMakerighttriangle(CCmdUI,1
stdafx.cpp,1
pDoc->SetViewLayers(,1
\"\x"\\,1
paste,1
Mac,1
settings):,1
calculating,1
remain,1
Otherwise,1
\scaling,\,1
DAMAGES,1
usable,1
(us),1
origin,1
*ONLY*,1
<selected>,1
\xoffset=\"\%d\"\\,1
pUseConnector,1
ExpansionDistance,1
buttons:,1
latest,1
finds,1
``AS,1
queue,1
DESIGNINFO,1
pNewConnector->SetPoint(,1
compatible,1
\r>1,\,1
10),1
Assuming,1
away,1
leave,1
EACH,1
pRect,1
X,1
m_SelectionRotatePoint,1
\Finally,\,1
8,1
detail,1
turns,1
\app,\,1
Header,1
How,1
\"\Renderer.h"\\,1
\2,\,1
MemDC.SelectObject(,1
\D2D1_FACTORY_TYPE_SINGLE_THREADED,\,1
quick,1
Vertical,1
CFont,1
Point1,1
\TEXT,\,1
\FirstPoint2.x,\,1
preview,1
*NOT*,1
{{AFX_VIRTUAL(CLinkageView),1
SERVICES;,1
calling,1
GearRatioDialog.cpp,1
oriented,1
circles,1
Distance(,1
THEORY,1
CANT,1
non-client,1
m_Rotate3,1
_,1
\point,\,1
String,1
(float)y,1
user),1
jumping,1
similar,1
m_Links.GetHeadPosition();,1
{{NO_DEPENDENCIES}},1
Normalize,1
force,1
pSelectedLink->IsGear();,1
(x*x)*(x*z);,1
clever,1
expect,1
Redistribution,1
\capabilities,\,1
m_pDC->SelectObject(,1
compuations,1
columns,1
viewport,1
ribbons,1
choices,1
crappy,1
m_pDXFFile;,1
\to,\,1
\CIRCLE,\,1
pLink;,1
Print,1
\m_ScaleFactor,\,1
save,1
Width,1
\controller,\,1
(don't,1
wwell,1
impossibility,1
Sync,1
corresponding,1
WITH,1
DDE,1
invalid,1
S_OK;,1
Gdiplus;,1
\macros,\,1
\systems"\\,1
Values[Index];,1
references,1
author,1
S,1
directory,1
PRINTF_INT32_DEC_WIDTH,1
pLimit2),1
modify,1
collection,1
Sliders,1
GetMaskBitmaps,1
SimulationControl,1
divided,1
Override,1
{{AFX_VIRTUAL(CLinkageApp),1
bUseSavedSelection,1
parameters,1
\pConnector->GetLayers(),\,1
pFont,1
embedded,1
\Message,\,1
pUseConnectors[Slider]->SetSlideRadius(,1
pDC->SetViewportExt((int)(,1
Deduce,1
cy,1
saving,1
company,1
strTemp.Find(,1
7.0,1
significant,1
Help,1
manifest,1
Units,1
Continue,1
invisible,1
(that,1
Caluclate,1
(all,1
pSampleGallery;,1
unselected,1
pDevMode,1
program,1
11),1
GalleryData.GetStringID(,1
\"\slideradius=\"\%f\"\\,1
ARISING,1
PROCUREMENT,1
\memory,\,1
\content,\,1
Py=Ay+r(By-Ay),1
accidentially,1
define,1
rect,1
\"\bit-bucket"\\,1
(for,1
bNameValid,1
theoretically,1
slow,1
stdafx.h,1
Watcom,1
pConnector->IsAlwaysManual(),1
Unless,1
C/C++,1
WINT_MAX,1
\set,\,1
users,1
stdint.h),1
called,1
requirements,1
quadrant,1
Destructor,1
directly,1
module,1
CPopupGallery,1
\Ok,\,1
CValidatedString,1
lot,1
P[0],1
pesky,1
Delete,1
\ccw,\,1
tick,1
keeps,1
!bGoodSimulation,1
Fudge,1
\ARC,\,1
!FindRoomFor(,1
written,1
AllowShowOnPaneMenu(),1
printer,1
less,1
\selection,\,1
universal,1
identical,1
pConnector->GetRPM(),1
law,1
app,1
index,1
Sets,1
permission,1
terminating,1
\_STDINT_H,\,1
ExistingConnector.m_pSlideLimits[0];,1
reside,1
\platforms,\,1
working,1
Quality,1
\pLink->GetIdentifier(),\,1
dumps,1
pFastenedTo->GetConnectorList()->GetCount(),1
pasted,1
Test.DoModal();,1
HANDLED,1
ignores,1
Separator,1
ratio,1
D2D1_FEATURE_LEVEL_DEFAULT,1
/Unregister,1
Stop,1
WCHAR_MIN,1
TRUE;,1
\gear=\"\%s\"\\,1
Shrink,1
implementing,1
An,1
b,1
128,1
LINE,1
project,1
pNewConnector->SetAsInput(,1
rarely-used,1
PopupGallery.cpp,1
\Point.x,\,1
Register,1
centerline,1
configuration,1
ControlWindow.cpp,1
WATCOM,1
Exclude,1
\processes,\,1
\PostMessage(WM_COMMAND,\,1
assignments,1
Constructor,1
ONE,1
\"\|62|1|"\\,1
FirstDirection,1
Good,1
MSDN,1
bitmap.Attach(image.Detach());,1
choose,1
went,1
someone,1
kdtufts@juno.com,1
\IDB_SAMPLE_GALLERY,\,1
\ID_RIBBON_SAMPLE_GALLERY,\,1
swaps,1
{{AFX_MSG_MAP(CAboutDlg),1
Everything,1
Give,1
image;,1
DragAcceptFiles,1
\SOFTWARE,\,1
Based,1
BA,1
(Ay-Cy)(Bx-Ax)-(Ax-Cx)(By-Ay),1
IF,1
----------------------,1
wider,1
pConnector->RemoveLink(,1
present,1
XP,1
stand-alone,1
kludge;,1
explicit,1
\"\d"\,\,1
it:,1
\"\\t<Link\,1
\gear,\,1
unusual,1
pLink->IsActuator(),1
CSampleGallery,1
correctly,1
\pFixedConnection->GetOriginalPoint(),\,1
Those,1
locomotive,1
pDoc->GetSelectedLinkCount(,1
\that,\,1
CFCircle,1
Maybe,1
dwFrameRate:,1
pSlider->GetOriginalPoint(),1
hotspot,1
Snap,1
\LAYER,\,1
lineSegment,1
\INCIDENTAL,\,1
FPoint;,1
edit,1
2;,1
MainFrm.h,1
Suggestions,1
*this,1
pFactory->Release();,1
Circle(,1
274,1
Direction,1
bounds,1
Point2,1
UINT64_MAX,1
closed,1
FirstPoint1,1
met,1
intersects,1
bars,1
table-types,1
mostly,1
400,1
Or,1
fill,1
known,1
pNewConnector->SetLayers(,1
\(u)least64_t,\,1
optional,1
\cw,\,1
\pRgn,\,1
\files,\,1
again,1
Simulation,1
accepts,1
(they,1
reasonable,1
able,1
sig_atomic_t,1
\PS_DOT,\,1
\radius,\,1
pCmdUI->Enable(,1
{{AFX_DATA_MAP(CAboutDlg),1
record,1
pDoc->SetEditLayers(,1
\pLink->GetLayers(),\,1
Adding,1
AdjustYCoordinate(,1
OCX,1
\,1
variability,1
tip,1
Point1.y,1
\executable,\,1
\CONTRACT,\,1
ExportImageSettingsDialog.cpp,1
pSampleGallery->SetItemToolTip(,1
\s<0,\,1
_AFX_NO_AFXCMN_SUPPORT,1
0-th,1
temporarily,1
applications,1
INTERRUPTION),1
ConnectorCount;,1
12),1
\*pPoints,\,1
Extensionline,1
pSampleGallery->SetIconsInRow(,1
\"\\t<program\,1
reference,1
{{AFX_VIRTUAL(CAboutDlg),1
\-1,\,1
consistent,1
stay,1
2005-2011,1
\Questions"\\,1
load,1
require,1
You,1
capability,1
t,1
OnUpdateEditMakeParallelogram(CCmdUI,1
----------------------------------,1
CD,1
pRenderTarget->BindDC(,1
bpp;,1
When,1
m_pDC->FillRect(,1
Viewport,1
CRgn,1
0.1.12,1
\ID_SAMPLE_UNUSED19,\,1
suitable,1
wchar_t,1
possibly,1
5),1
INDIVIDUAL,1
m_AviCompressOptions.dwQuality=500;,1
ANy,1
SRCCOPY,1
particular,1
Last,1
\Color,\,1
often,1
m_Links.AddTail(,1
we'll,1
sometimes,1
\(int)Point.x,\,1
EVENT,1
Collinear,1
30,1
\effect,\,1
orphans,1
(float)0,1
remains,1
removed,1
InitCommonControlsEx(),1
messed,1
pBits,1
unknown,1
NULL;,1
0.5,1
};,1
align,1
Compilers,1
DROP,1
getting,1
OtherPoint.y;,1
(in,1
recommended,1
ends,1
dwCodec:,1
\ExpansionDistance,\,1
EXCEPTION:,1
macros:,1
allowing,1
accomplish,1
CreateCursorFromBitmap,1
\hand,\,1
commonly,1
compiler/platform,1
Moore's,1
MemDC;,1
POSSIBILITY,1
\defined,\,1
{{AFX_MSG(CLinkageView),1
Test;,1
{{AFX_DATA_INIT(CAboutDlg),1
swapped,1
glitch,1
Which,1
InputCount;,1
(COLORREF)pLink->GetColor(),1
ControlCount,1
p1,1
warned,1
\above,\,1
TTF_CENTERTIP,1
Rate,1
COLOR_DRAWINGLIGHT;,1
x-coord:,1
TempLine.GetDistance(),1
pSampleGallery->SetButtonMode();,1
m_ScaledFont;,1
int16_t,1
adds,1
countless,1
Fine,1
USE,1
behavior,1
decided,1
Better,1
Temp,1
handling,1
serious,1
UINT,1
simulate,1
intrinsically,1
pCategoryDetails,1
\pPoints[0].y,\,1
&Brush,1
pLink->IsGear(),1
m_pPoints,1
8),1
images:,1
Linkage.h,1
possess,1
characteristics,1
citrcle,1
beforehand,1
Item,1
GearColor,1
amongst,1
\image.Load(_T("\C:\\Users\\David\\Documents\\image.png"\));\,1
column,1
CMFCOutlookBar,1
\zoom=\"\%lf\"\\,1
0.1,1
(but,1
smallest,1
CLinkageDoc::_Units,1
2d,1
Bitmap,1
mandate,1
\"\Serialize"\\,1
Choose,1
invalidation,1
GOODS,1
specification,1
computation,1
\documents,\,1
stdafx.obj,1
\(LINE,\,1
COleDataObject,1
contact,1
TempDC.UnscalePoint(,1
guanranteed,1
respectively;,1
binding,1
AddPanel(,1
\drawcircle=\"\%f\"\\,1
basically,1
reset,1
\mmioFOURCC('I','V','5','0')\,1
\pPoints[0].x,\,1
Something,1
CONCAVE-NESS,1
animation,1
MPG4,1
\=,\,1
strName),1
OnSelectSample(,1
\D2D1_RENDER_TARGET_TYPE_DEFAULT,\,1
(int)(cy*2));,1
checks,1
days),1
m_Links.GetNext(,1
development,1
best,1
\initialized,\,1
bottom-most,1
m_pSlideLimits[0],1
Old,1
sorry,1
textstyle,1
pCategory,1
nBitsPerPixel,1
STRICT,1
DASHDOT2,1
LinkageView.h,1
OnSelectSample,1
Systems,1
CMFCRibbonGallery,1
\However,\,1
*m_pDC;,1
EXPRESS,1
IEEE,1
declared,1
extreme,1
dimensional,1
TempLine(,1
input!),1
pSampleGallery,1
\images,\,1
pLink->IsMeasurementElement(),1
derived,1
invoked,1
CMyDialog,1
&pTempBrush);,1
</Remarks>,1
endorse,1
CONNECTOR,1
UP,1
offsetting,1
mindshare,1
\(INCLUDING,\,1
sanity,1
extend,1
&pFactory);,1
says,1
Next,1
pDoc,1
pTempBrush,1
DocumentScale,1
PRINTF_INTMAX_HEX_WIDTH,1
others,1
pNewConnector->SetAsAnchor(,1
ADVISED,1
NewAngle,1
pCategoryConfig,1
DONT,1
iteration,1
pConnector->IsDrawing(),1
edited,1
32*32..,1
(16,1
\actuator=\"\%s\"\\,1
probably,1
elems,1
\pLink->GetLineSize(),\,1
holding,1
m_ScaledPen;,1
scrolling,1
..,1
\(u)int64_t,\,1
\(CheckPoint.x,CheckPoint.y)\,1
Me,1
dealt,1
keys,1
LinkLabelOffset;,1
TEST,1
suffix,1
fix,1
\cpm=\"\%lf\"\\,1
pSelectedLink->SetCPM(,1
against,1
Lock,1
\forms,\,1
fun..,1
\false,\,1
ground,1
manager,1
NEITHER,1
Pages,1
Dialog.m_Color,1
share,1
\solid=\"\%s\"\\,1
manual,1
majority,1
libraries,1
258,1
\etc.,\,1
0.0174532925;,1
tail,1
life,1
Execute,1
preoper,1
Dave,1
compression;,1
\bit,\,1
min,1
PRINTF_INT16_HEX_WIDTH,1
left-most,1
suggest,1
\integers,\,1
9),1
bigger,1
defines,1
(32,1
contains,1
GetPaneName(CString&,1
(u)least16_t,1
\filename,\,1
'\n',1
-2,1
linear,1
//////////////////////////////////////////////////////////////////////////,1
purposes,1
pDC,1
Unscaleing,1
auto-join,1
continue,1
returns,1
overflowing,1
combined,1
tells,1
\WARNING,\,1
pencil,1
\SPECIAL,\,1
LIABLE,1
Printing,1
improved,1
estimate,1
solid,1
m_AviCompressOptions.dwKeyFrameEvery=100;,1
m_PanelImages.ExtractIcon(29),1
\throw=\"\%lf\"\\,1
PRINTF_INT16_MODIFIER,1
coming,1
developers,1
1080p,1
Step,1
Parse,1
SLIDERS,1
compile,1
(COLORREF)pConnector->GetColor(),1
TTF_IDISHWND;,1
flushes,1
\yoffset=\"\%d\"\\,1
block,1
suit,1
existence,1
pCheckConnector->IsSlider(),1
bitmap;,1
vendor's,1
call,1
distnce,1
projections,1
Values[Index],1
\DDE,\,1
\bFill,\,1
ASSUMES,1
\"\compatible\,1
(int)(m_DrawingRect.Height()));,1
\pLimit1,\,1
directed,1
GUI,1
CLinkageApp:,1
eye,1
pLink->RemoveConnector(,1
Point2;,1
FILE..,1
template,1
Borland,1
arrogance,1
TRUE,1
\STYLE,\,1
\message,\,1
locatons,1
tyhe,1
editing,1
empt,1
pCheckConnector->SlideBetween();,1
reporting),1
Steele,1
\"\\t<connector\,1
\space,\,1
\"\DXF_BodyText"\\,1
Possible,1
\PointCount,\,1
spacing,1
bOtherLinkHasSliders,1
kept,1
\those,\,1
range,1
DISCLAIMED,1
PTRDIFF_MIN,1
incorrectly,1
\D2D1_RENDER_TARGET_USAGE_NONE,\,1
decimal,1
showing,1
CImage,1
Acknowledgements,1
pRenderTarget->BeginDraw();,1
GET,1
NBow,1
forced,1
BOTH,1
AboutDialog.cpp,1
\s>1,\,1
factors,1
6),1
Colors[pCommon->GetIdentifier(),1
Point.x,1
PRINTF_LEAST64_MODIFIER,1
stil,1
.net,1
Found,1
pSender,1
removes,1
FITNESS,1
Hsieh,1
max,1
vendor,1
From,1
generating,1
Toolbar,1
\tracking,\,1
field,1
append,1
m_pSlideLimits[1],1
SelectElement(,1
*pRenderTarget;,1
\pConnector,\,1
\POINT,\,1
Placement,1
Dimline,1
[],1
pLink->GetFastenedTo()->GetIdentifier(),1
fast,1
David,1
value),1
Lone,1
adding,1
represent,1
Build,1
CComPtr<ID2D1SolidColorBrush>,1
lone,1
Point2.y,1
CConnector,1
\pConnector->GetDrawCircleRadius(),\,1
grid,1
collinear,1
internal,1
\nose,\,1
Thorup,1
m_Rotate2,1
unexpected,1
D2D1_RENDER_TARGET_PROPERTIES,1
MemDC.CreateCompatibleDC(,1
pDC->SetMapMode(MM_ANISOTROPIC);,1
CRenderer::DrawToDXF(,1
trust,1
Style1,1
overlapping,1
confusing,1
provide,1
\given,\,1
tony,1
!defined(AFX_LinkageVIEW_H__E3F43B66_810B_40E4_B14B_ECABF59CFB06__INCLUDED_),1
lose,1
\videos,\,1
WINT_MIN,1
Second;,1
Negate,1
Initialize,1
{{AFX_MSG_MAP(CLinkageApp),1
break;,1
pointing,1
wheel,1
\/Register,\,1
marks,1
\slider=\"\%s\"\\,1
pConnector->IsSlider(),1
\4.0,\,1
ie,1
Howie,1
subtract,1
lpszFileName:,1
pPanelSamples,1
DIVX,1
Unscale,1
jpg,1
docking,1
rejected,1
Holds,1
\strTemp,\,1
\&Region,\,1
MERCHANTABILITY,1
Preview,1
*pSampleGallery,1
copied,1
iff,1
Property,1
circle2,1
item!!!,1
thinking,1
variations,1
unmodified,1
respective,1
fixed/anchors,1
\dx,\,1
strings,1
pRenderTarget->Release();,1
pRenderer->ScaleRect(,1
props,1
specify,1
adjacent,1
\Point.y,\,1
distsance,1
Useful,1
\viewlayers=\"\%u\"\\,1
Layer4,1
\pFactory->CreateDCRenderTarget(&props,\,1
!defined(_COLORCURSOR_H),1
c,1
Y,1
Linkage,1
Assumes,1
\FirstPoint1.x,\,1
highest,1
Continuous,1
resolution,1
Watcom's,1
True,1
focus,1
IDS_RIBBON_SAMPLE_GALLERY,1
appended,1
CRenderer::SaveDXF(,1
{{AFX_MSG(CLinkageDoc),1
m_bIsPrinting;,1
Undo,1
\FirstPoint1.y,\,1
nor,1
adoption,1
ON_COMMAND_RANGE(,1
non-Microsoft,1
update,1
Keep,1
Developers,1
\fonts,\,1
\input=\"\%s\"\\,1
operators,1
Region;,1
GetCommonConnector(,1
GalleryData.GetCount();,1
strlen,1
Look,1
\int32_t,\,1
Abort,1
shrunk,1
Send,1
weird,1
\(float)m_CurrentPosition.x,\,1
builtin,1
\bits),\,1
<gl/gl.h>,1
unrotated,1
PURPOSE,1
intended,1
altogether,1
Scott,1
:(,1
\x+UseWidth,\,1
&pRenderTarget);,1
printf,1
CAUSED,1
WCHAR_MAX,1
y+UseHeight,1
Tables,1
acting,1
\41,\,1
LinkageDrawExpandedPolygon(,1
PRINTF_INT8_DEC_WIDTH,1
HBitmap,1
NEGLIGENCE,1
points),1
important,1
\char*)Units,\,1
pick,1
rest,1
pSelectedLink->SetActuator(,1
\pLink->GetCPM(),\,1
constants,1
CONVEX,1
\function,\,1
Compare,1
DocumentProperties,1
Scan,1
m_ScaledLogFont;,1
calculation,1
serve,1
ASSERT(bNameValid);,1
Assume,1
(or,1
\"\file\,1
\IDS_RIBBON_OPENSAMPLE,\,1
With,1
algorithm,1
closes,1
pRenderTarget->EndDraw();,1
<Remarks>,1
numeric,1
leaves,1
Rounding,1
\arrowheads,\,1
checked,1
external,1
core,1
none,1
views,1
passing,1
SHOW,1
ASSERT_VALID(pDoc);,1
\r<0,\,1
releasing,1
sense,1
}}AFX_DATA_INIT,1
\"\ObeyUnscaleOffset"\\,1
non-debug,1
Connectors[Counter],1
keeping,1
normalization,1
formula,1
are:,1
chain,1
Stretch,1
\new"\\,1
\pDC->SetWindowExt((int)(m_DrawingRect.Width()),\,1
pDoc->GetUnits();,1
Call,1
Should,1
placeholder,1
shown,1
noted,1
construction,1
boundary,1
2005,1
*pConnector,1
inputs,1
assumption,1
24,1
Average.y,1
NULL,1
ABout,1
spot,1
controller,1
SnapLine1.GetStart(),1
Handle,1
m_pCapturedConnector,1
Table,1
script,1
cs,1
represents,1
skipped,1
Accelerator,1
PRINTF_INTMAX_MODIFIER,1
organization,1
pNewConnector->SetRPM(,1
Frequently,1
\(u)int16_t,\,1
ID2D1DCRenderTarget,1
distribution,1
Forcing,1
LinkageDoc.h,1
Refer,1
down,1
tweak,1
m_bCreatedFont;,1
(Red),1
\bit),\,1
\WARRANTIES,\,1
\Windows,\,1
attributes,1
SHALL,1
largest,1
DIM1,1
origibal,1
Keeps,1
gallery,1
messages,1
Window,1
unavoidable,1
behind,1
Fractional,1
safely,1
such,1
luck,1
formats,1
\WindowFromPoint,\,1
pCheckConnector->GetSlideLimits(,1
row,1
infomation,1
launched,1
\streams,\,1
_Bool;,1
\FirstPoint2.y,\,1
pDoc->Reset(,1
partial,1
WORK,1
\x,\,1
\rpm=\"\%lf\"\\,1
P2,1
WARRANTIES,1
controllers,1
build,1
scalar,1
1/2,1
average,1
\DATA,\,1
m_CreatedPens;,1
SnapLine2.GetEnd(),1
enabling,1
picking,1
EVEN,1
guarantee,1
hiding,1
setup,1
non-selected,1
responsible,1
empty,1
nagative,1
renderer,1
knowledge,1
rj,1
children,1
}}AFX_DATA_MAP,1
InvalidateRect(,1
supposed,1
D2D1CreateFactory(,1
drag/drop,1
old,1
Compare:,1
earliest,1
\(float)0,\,1
\pLink->GetStroke(),\,1
allocated,1
\CList<CPen*,CPen*>\,1
Close,1
WILL,1
code..,1
!defined(AFX_Linkage_H__5264C550_7E3B_4583_A5CD_BDAA527599CF__INCLUDED_),1
drag,1
\linesize=\"\%d\"\\,1
\pConnector->GetSlideRadius(),\,1
CAboutDlg,1
IE,1
macro,1
sized,1
CMainFrame::CreateSamplePanel(,1
LinkageDoc.cpp,1
pause,1
pHint,1
<d2d1.h>,1
Bottom,1
Finish,1
ID2D1Factory,1
\actuator,\,1
permitted,1
CMFCRibbonGallery(,1
Menu,1
(u)int_least(*)_t,1
splitting,1
straight,1
BUSINESS,1
v3.3.3,1
pLink->IsSolid(),1
fashion,1
TempLine.GetEnd();,1
reads,1
compress,1
SnapLine2.GetStart(),1
respectively,1
pConnector->IsLinkSelected(),1
usefully,1
\(u)least32_t,\,1
MS,1
AFX_ID_PREVIEW_CLOSE);,1
\another,\,1
About,1
TestDialog.cpp,1
fonts,1
Take,1
TA_TOP,1
fixup,1
GetActuatedConnectorDistance,1
rate,1
identifier,1
misses,1
\lines,\,1
m_Rotate4,1
OS,1
modifiers,1
routines,1
\3,\,1
360.0,1
pConnector->IsMeasurementElement(),1
switch,1
Dialog.m_bActuator,1
(Ay-Cy)(Dx-Cx)-(Ax-Cx)(Dy-Cy),1
intersections,1
\int8_t,\,1
group,1
License:,1
strictly,1
NewPoint2.y,1
reproduce,1
passed,1
comparable,1
\verison,\,1
higher,1
wish,1
calculated,1
----------------,1
Process,1
SUBSTITUTE,1
\char*)pConnector->GetName(),\,1
Nose,1
redundant,1
\SOLID,\,1
(u)int_fast(*)_t,1
\DIRECT,\,1
\storage,\,1
depending,1
{{AFX_MSG(CAboutDlg),1
products,1
positions,1
\"\|"\\,1
tested,1
OtherPoint.x;,1
PRINTF_INT32_MODIFIER,1
CMFCRibbonPanel*,1
conflict,1
fully,1
\"\3"\\,1
CMFCRibbonGallery*,1
disabled,1
further,1
souce,1
\now,\,1
4),1
m_EditLayers,1
starting,1
supported,1
coincident,1
\This,\,1
Mechanisms,1
divide,1
//SetSelectedModifiableCondition();,1
\Rect,\,1
MFC's,1
inches,1
\(xx,yy)\,1
7),1
\modification,\,1
2040,1
bottom,1
linkage.rc,1
ProcessShellCommand,1
loops,1
ExistingConnector.m_pSlideLimits[1];,1
CREATESTRUCT,1
anyways),1
!D,1
strTemp.LoadString(IDS_RIBBON_SETTINGS);,1
\INCLUDING,\,1
query,1
m_Rotate0,1
soon,1
&bitmap,1
7.16,1
pConnector->GetLayers(),1
m_SelectedConnectors.RemoveAll();,1
\item,\,1
PRINTF_INTMAX_DEC_WIDTH,1
pPanelSamples->Add(,1
acceptable,1
Dill,1
someother,1
capture,1
m_pSampleGallery,1
trivial,1
ACTION_ROTATE,1
\LTYPE,\,1
\Otherwise,\,1
_STDINT_H_,1
PixelPoint,1
\anchor=\"\%s\"\\,1
WHERE,1
simply,1
\&MemDC,\,1
\types,\,1
comfortable,1
warnings,1
SnapLine1.GetEnd(),1
endian,1
170,1
m_pDXFFile->DXF_Save(,1
doc,1
\(float)x,\,1
ImageSelectDialog.cpp,1
static,1
int8_t,1
Instead,1
\value,\,1
DIMLINEAR),1
Message,1
due,1
60,1
\mmioFOURCC('D','I','V','X')\,1
So,1
overwrite,1
\D2D1_ALPHA_MODE_IGNORE),\,1
SDK,1
\"\<"\\,1
IMPORTANT..,1
\editlayers=\"\%u\"\/>"\,\,1
DAMAGE,1
ARE,1
\with,\,1
#define,1
nID,1
people,1
CLinkageDoc*,1
\requirements,\,1
text:,1
\USE,\,1
\y-coord,\,1
noe,1
windows),1
critically,1
\"\comp.graphics.algorithms\,1
thumb,1
Value,1
pRenderer->DrawRect(,1
parameter,1
Please,1
SUCH,1
simuation,1
\clear,\,1
conversion,1
\16*16,\,1
D2D1::RenderTargetProperties(,1
pConnector->GetFastenedTo()->GetIdentifier(),1
that's,1
fasten,1
export,1
overall,1
resting,1
\y=\"\%lf\"\\,1
registery,1
IMPORTANT:,1
uintptr_t,1
language,1
registry,1
\extensions,\,1
figuring,1
layers,1
rectangle/parallelogram,1
Layer2,1
calculate,1
m_MouseAction,1
stored,1
scalars,1
WHETHER,1
duplicated,1
auto,1
LOSS,1
typedef,1
printing/print,1
4,1
\(int)Point.y,\,1
Pass,1
configurations,1
normalizing,1
++Index,1
\hashing,\,1
Turbo,1
hoist,1
ColorCursor.h,1
D2D1::PixelFormat(,1
Chris,1
OnEditMakeParallelogram();,1
fly,1
Deal,1
inclusion,1
instantly,1
CONSEQUENTIAL,1
/Unregserver,1
Will,1
IS'',1
Connectors[Counter];,1
progress,1
32bpp,1
\y,\,1
free,1
\way,\,1
push,1
extrapolated,1
solution,1
Constructors,1
connectos,1
misguided,1
qsort,1
worrying,1
space.),1
SLIDE,1
\Counter,\,1
\number,\,1
WAY,1
Px=Ax+r(Bx-Ax),1
AT,1
\mmioFOURCC('M','P','G','4')\,1
BITMAP,1
Euclidian,1
failed,1
produce,1
11.0,1
ColorCursor.cpp,1
operating,1
epitome,1
materials,1
CANNOT,1
single-connector,1
\pConnector->GetRPM(),\,1
directions,1
\draw=\"\%s\"\\,1
\fact,\,1
Name,1
Dialog.m_bAlwaysManual,1
6.0,1
\"\u"\\,1
PRINTF_LEAST32_MODIFIER,1
Circle1,1
PARTICULAR,1
\m_pDC->GetSafeHdc(),\,1
rotations,1
\size,\,1
past,1
seems,1
debug,1
advantage,1
accessing,1
increase,1
{{AFX_MSG_MAP(CLinkageDoc),1
Arc(,1
(u)int64_t,1
meant,1
\units=\"\%s\"\\,1
computations,1
implement,1
iterate,1
PROVIDED,1
alone,1
PRINTF_INT16_DEC_WIDTH,1
vast,1
strTemp.Truncate(,1
framerates,1
vertically,1
GetDocument();,1
pSampleGallery->SelectElement(,1
name..,1
LinkArc,1
CPM,1
LOGFONT,1
originbal,1
GNU,1
grab,1
!defined(AFX_LinkageDOC_H__50E4E0FC_CCEC_41BE_A091_953276D378B2__INCLUDED_),1
x86-64,1
CBitmap,1
follow,1
Point.y,1
results,1
*pFactory;,1
programming,1
GalleryData;,1
\(u)int32_t,\,1
there's,1
ExistingConnector.m_Links.GetHeadPosition();,1
today,1
MoveTo,1
gather,1
Layer,1
parallel,1
ComCtl32.dll,1
(INCLUDING,1
\(yes,\,1
stupid,1
Zero,1
AngleDialog.cpp,1
(c),1
DEBUG_NEW,1
rows,1
/////////////////////////////////////////////////////////,1
functionality,1
\=_T("\Output.avi"\)\,1
bytes,1
met:,1
Little,1
\pConnector->GetIdentifier(),\,1
\improvements,\,1
Encoding,1
PRINTF_INT64_HEX_WIDTH,1
SPECIFIC,1
Output,1
1;,1
That,1
Others,1
*pFileName,1
pairs,1
pretending,1
DRAG,1
-=,1
remainder,1
3),1
Line.SetDistance(,1
More,1
conventions,1
stack,1
Count;,1
encouraged,1
TTF_NOTBUTTON,1
extremely,1
Construction/Destruction,1
m_DrawingRect.Width();,1
NewPoint2.x,1
COutlookBar,1
automating,1
Paul,1
positioning,1
coverage,1
PROFITS;,1
Custome,1
GCC,1
snapped,1
BSD,1
By,1
behaviors,1
OnEditMakerighttriangle();,1
high,1
determined,1
faster,1
TORT,1
lHint,1
(float)m_CurrentPosition.y,1
intermittently,1
modifying,1
window/viewport,1
arguments,1
during,1
\2.0,\,1
application's,1
dy,1
PRINTF_INT64_DEC_WIDTH,1
Unscaling,1
calculations,1
Calculate,1
draws,1
Region.CreatePolygonRgn(,1
infrequently,1
picture,1
\"\our"\\,1
FindLowest,1
referenced,1
\geometry,\,1
creating,1
TIME,1
contributions,1
postitions,1
\cryptography,\,1
Follows,1
Squash,1
HOWEVER,1
\p2,\,1
pointed,1
Also,1
key,1
OUT,1
dead,1
stdint_int64_defined,1
entities,1
hours,1
maintaining,1
\Points,\,1
wih,1
!bForceToPoint,1
{{AFX_MSG(CLinkageApp),1
pConnector->IsAlone(),1
spindle,1
\"\.dxf"\\,1
Left,1
undo,1
PRINTF_LEAST16_MODIFIER,1
pRenderer->Circle(,1
<gl/glu.h>,1
ROTATED,1
OTHERWISE),1
persisted,1
\scalefactor=\"\%lf\"\\,1
programs,1
pDoc->GetUnitScale();,1
INTERMEDIATE_STEPS,1
{{AFX_MSG_MAP(CLinkageView),1
namespace,1
http://www.opengroup.org/onlinepubs/009695399/basedefs/stdbool.h.html,1
strTemp,1
Temp;,1
Defines,1
horizontally,1
m_Rotate1,1
sharing,1
m_AviCompressOptions.dwBytesPerSecond=1000;,1
IV50,1
mmioFOURCC(),1
Dialog.m_ActuatorCPM,1
pLink->GetColor();,1
NewPoint1.x,1
typical,1
HRESULT,1
degree,1
accurate,1
\pView->GetUnscale(),\,1
REQUIRES,1
ALTERNATE,1
negated,1
pFileName,1
{{AFX_VIRTUAL(CLinkageDoc),1
ClientRect,1
\(float)1000,\,1
choice,1
\8,\,1
thingies,1
assemblies,1
p3,1
slightly,1
rectangles,1
}}AFX_DATA,1
capabilities,1
meaningless,1
FROM,1
headers,1
(float)1000,1
LIMIT,1
ri,1
deal,1
driver,1
Unfasten(,1
\mm,\,1
pDC->BitBlt(,1
